budget,feasibility_rejections,full_evaluator_calls,hv_ratio,igd_plus,method,n_eval,proposal_count,recall,runtime,scale,seed,structural_rejections,workload
3888,0,3888,1.0,0.0,exhaustive,3888,3888,1.0,0.0441,S2,,0,telemetry
44,0,44,1.0,0.0,HCA-DSE,44,44,1.0,0.0362,S2,,0,telemetry
100,47,100,0.6557,0.09591,random,100,147,0.037,0.0012,S2,0,47,telemetry
100,33,100,0.7546,0.15848,nsga2,100,133,0.0,0.0195,S2,0,33,telemetry
100,60,100,0.5993,0.15364,random,100,152,0.037,0.001,S2,1,52,telemetry
100,33,100,0.74,0.17829,nsga2,100,141,0.0741,0.0125,S2,1,41,telemetry
100,60,100,0.7546,0.11779,random,100,173,0.0,0.001,S2,2,73,telemetry
100,48,100,0.0852,0.413,nsga2,100,122,0.0,0.0098,S2,2,22,telemetry
100,58,100,0.5859,0.12861,random,100,149,0.0,0.001,S2,3,49,telemetry
100,43,100,0.1185,0.42779,nsga2,100,136,0.0,0.0102,S2,3,36,telemetry
100,58,100,0.5691,0.18219,random,100,140,0.037,0.0009,S2,4,40,telemetry
100,33,100,0.5527,0.158,nsga2,100,138,0.037,0.0117,S2,4,38,telemetry
100,56,100,0.5291,0.17936,random,100,145,0.037,0.001,S2,5,45,telemetry
100,31,100,0.7833,0.10272,nsga2,100,134,0.0,0.0117,S2,5,34,telemetry
100,58,100,0.7516,0.22063,random,100,154,0.037,0.001,S2,6,54,telemetry
100,48,100,0.7009,0.22262,nsga2,100,118,0.0,0.0093,S2,6,18,telemetry
100,58,100,0.6264,0.1541,random,100,153,0.037,0.0011,S2,7,53,telemetry
100,41,100,0.7688,0.17624,nsga2,100,127,0.0,0.0104,S2,7,27,telemetry
100,50,100,0.6835,0.11209,random,100,136,0.037,0.0009,S2,8,36,telemetry
100,30,100,0.7574,0.06681,nsga2,100,126,0.1111,0.01,S2,8,26,telemetry
100,63,100,0.664,0.09116,random,100,159,0.1111,0.001,S2,9,59,telemetry
100,43,100,0.6006,0.17134,nsga2,100,120,0.037,0.0092,S2,9,20,telemetry
100,57,100,0.8166,0.12255,random,100,162,0.037,0.001,S2,10,62,telemetry
100,35,100,0.5419,0.25136,nsga2,100,141,0.0,0.0112,S2,10,41,telemetry
100,53,100,0.7651,0.11109,random,100,157,0.0,0.0011,S2,11,57,telemetry
100,34,100,0.7406,0.11383,nsga2,100,124,0.1481,0.0099,S2,11,24,telemetry
100,63,100,0.4823,0.27097,random,100,146,0.0,0.001,S2,12,46,telemetry
100,37,100,0.3426,0.20018,nsga2,100,129,0.1481,0.0106,S2,12,29,telemetry
100,53,100,0.629,0.15832,random,100,149,0.037,0.001,S2,13,49,telemetry
100,43,100,0.0921,0.36805,nsga2,100,118,0.037,0.0149,S2,13,18,telemetry
100,56,100,0.7899,0.13637,random,100,162,0.037,0.0011,S2,14,62,telemetry
100,39,100,0.3925,0.22213,nsga2,100,133,0.0,0.0114,S2,14,33,telemetry
100,54,100,0.5973,0.13428,random,100,154,0.0741,0.001,S2,15,54,telemetry
100,43,100,0.5834,0.12172,nsga2,100,134,0.037,0.0098,S2,15,34,telemetry
100,44,100,0.7373,0.15185,random,100,153,0.0,0.0011,S2,16,53,telemetry
100,43,100,0.4827,0.17134,nsga2,100,136,0.037,0.0111,S2,16,36,telemetry
100,61,100,0.6854,0.14178,random,100,146,0.1111,0.001,S2,17,46,telemetry
100,34,100,0.1076,0.32062,nsga2,100,121,0.0741,0.0092,S2,17,21,telemetry
100,60,100,0.5666,0.14915,random,100,137,0.037,0.001,S2,18,37,telemetry
100,56,100,0.6129,0.14399,nsga2,100,120,0.0,0.0094,S2,18,20,telemetry
100,50,100,0.3885,0.22434,random,100,148,0.0,0.0011,S2,19,48,telemetry
100,40,100,0.5773,0.18847,nsga2,100,120,0.0,0.0081,S2,19,20,telemetry
250,134,250,0.6645,0.09396,random,250,380,0.037,0.0028,S2,0,130,telemetry
250,64,250,0.9047,0.02051,nsga2,250,297,0.3704,0.0264,S2,0,47,telemetry
250,134,250,0.7952,0.10256,random,250,389,0.037,0.0029,S2,1,139,telemetry
250,63,250,0.9472,0.03523,nsga2,250,299,0.2593,0.0278,S2,1,49,telemetry
250,138,250,0.7954,0.08185,random,250,392,0.0741,0.0027,S2,2,142,telemetry
250,73,250,0.1276,0.28794,nsga2,250,280,0.1852,0.0243,S2,2,30,telemetry
250,132,250,0.897,0.05025,random,250,370,0.1111,0.0026,S2,3,120,telemetry
250,75,250,0.6371,0.08588,nsga2,250,300,0.1481,0.0255,S2,3,50,telemetry
250,136,250,0.835,0.10506,random,250,358,0.1481,0.0029,S2,4,108,telemetry
250,57,250,0.9141,0.02661,nsga2,250,296,0.3704,0.0292,S2,4,46,telemetry
250,138,250,0.8747,0.03476,random,250,368,0.1111,0.0028,S2,5,118,telemetry
250,62,250,0.9045,0.04467,nsga2,250,295,0.2222,0.0284,S2,5,45,telemetry
250,142,250,0.846,0.09346,random,250,358,0.0741,0.0031,S2,6,108,telemetry
250,80,250,0.8509,0.0726,nsga2,250,282,0.0741,0.0274,S2,6,32,telemetry
250,144,250,0.6329,0.13256,random,250,384,0.037,0.003,S2,7,134,telemetry
250,77,250,0.8971,0.0813,nsga2,250,288,0.0741,0.0283,S2,7,38,telemetry
250,126,250,0.7012,0.10398,random,250,343,0.037,0.0026,S2,8,93,telemetry
250,67,250,0.8521,0.02165,nsga2,250,278,0.4074,0.0285,S2,8,28,telemetry
250,139,250,0.8334,0.06498,random,250,404,0.1481,0.0029,S2,9,154,telemetry
250,76,250,0.8047,0.04867,nsga2,250,274,0.2963,0.027,S2,9,24,telemetry
250,133,250,0.8238,0.11016,random,250,372,0.1481,0.0031,S2,10,122,telemetry
250,67,250,0.9509,0.04373,nsga2,250,316,0.1111,0.0352,S2,10,66,telemetry
250,133,250,0.7815,0.10537,random,250,389,0.037,0.003,S2,11,139,telemetry
250,63,250,0.984,0.01145,nsga2,250,284,0.5556,0.0325,S2,11,34,telemetry
250,149,250,0.7825,0.151,random,250,355,0.037,0.0029,S2,12,105,telemetry
250,62,250,0.8342,0.0374,nsga2,250,295,0.4074,0.0277,S2,12,45,telemetry
250,135,250,0.7226,0.08629,random,250,382,0.1111,0.003,S2,13,132,telemetry
250,81,250,0.1335,0.26761,nsga2,250,270,0.3333,0.0265,S2,13,20,telemetry
250,151,250,0.8638,0.1074,random,250,374,0.037,0.0028,S2,14,124,telemetry
250,69,250,0.9619,0.01991,nsga2,250,288,0.4444,0.0328,S2,14,38,telemetry
250,141,250,0.6248,0.13078,random,250,379,0.0741,0.0027,S2,15,129,telemetry
250,77,250,0.8208,0.07904,nsga2,250,300,0.1481,0.0264,S2,15,50,telemetry
250,123,250,0.8745,0.09902,random,250,378,0.0,0.003,S2,16,128,telemetry
250,78,250,0.9029,0.03438,nsga2,250,300,0.2963,0.0293,S2,16,50,telemetry
250,137,250,0.7,0.11459,random,250,374,0.1111,0.0028,S2,17,124,telemetry
250,75,250,0.1114,0.30874,nsga2,250,275,0.0741,0.0273,S2,17,25,telemetry
250,140,250,0.891,0.07969,random,250,365,0.1111,0.0029,S2,18,115,telemetry
250,90,250,0.8801,0.07411,nsga2,250,284,0.0,0.0252,S2,18,34,telemetry
250,131,250,0.575,0.14441,random,250,356,0.0,0.0028,S2,19,106,telemetry
250,74,250,0.8857,0.05493,nsga2,250,271,0.1481,0.0252,S2,19,21,telemetry
500,272,500,0.6702,0.07503,random,500,747,0.1481,0.0062,S2,0,247,telemetry
500,138,500,0.9994,0.0004,nsga2,500,549,0.9259,0.0653,S2,0,49,telemetry
500,273,500,0.8145,0.08584,random,500,757,0.0741,0.0068,S2,1,257,telemetry
500,144,500,0.997,0.00959,nsga2,500,565,0.5926,0.0843,S2,1,65,telemetry
500,275,500,0.89,0.06165,random,500,783,0.1111,0.0064,S2,2,283,telemetry
500,119,500,0.1356,0.26168,nsga2,500,540,0.6667,0.0708,S2,2,40,telemetry
500,271,500,0.9138,0.04888,random,500,752,0.1111,0.0057,S2,3,252,telemetry
500,130,500,0.9714,0.00664,nsga2,500,566,0.7037,0.0635,S2,3,66,telemetry
500,267,500,0.9086,0.06595,random,500,749,0.1852,0.007,S2,4,249,telemetry
500,124,500,0.9979,0.00408,nsga2,500,549,0.8519,0.0684,S2,4,49,telemetry
500,275,500,0.9187,0.02322,random,500,765,0.2963,0.0064,S2,5,265,telemetry
500,129,500,0.9716,0.01157,nsga2,500,576,0.6667,0.0625,S2,5,76,telemetry
500,274,500,0.9322,0.05174,random,500,749,0.2222,0.0065,S2,6,249,telemetry
500,153,500,0.917,0.03203,nsga2,500,544,0.2963,0.072,S2,6,44,telemetry
500,286,500,0.877,0.07679,random,500,786,0.0741,0.0067,S2,7,286,telemetry
500,156,500,0.9336,0.02726,nsga2,500,548,0.4444,0.0579,S2,7,48,telemetry
500,268,500,0.8076,0.06744,random,500,710,0.0741,0.0059,S2,8,210,telemetry
500,126,500,0.9973,0.00307,nsga2,500,528,0.8889,0.0639,S2,8,28,telemetry
500,284,500,0.8678,0.05885,random,500,780,0.1852,0.0061,S2,9,280,telemetry
500,143,500,0.9716,0.01061,nsga2,500,529,0.7037,0.0592,S2,9,29,telemetry
500,272,500,0.8472,0.03975,random,500,769,0.1852,0.0058,S2,10,269,telemetry
500,132,500,0.998,0.00546,nsga2,500,580,0.6296,0.065,S2,10,80,telemetry
500,261,500,0.868,0.05393,random,500,765,0.0741,0.0065,S2,11,265,telemetry
500,142,500,0.9977,0.00457,nsga2,500,538,0.8148,0.069,S2,11,38,telemetry
500,281,500,0.8659,0.07584,random,500,717,0.1111,0.0066,S2,12,217,telemetry
500,135,500,0.9623,0.00277,nsga2,500,566,0.8519,0.0621,S2,12,66,telemetry
500,258,500,0.7977,0.06393,random,500,740,0.1481,0.0074,S2,13,240,telemetry
500,154,500,0.1355,0.26037,nsga2,500,520,0.5556,0.0671,S2,13,20,telemetry
500,305,500,0.8864,0.07927,random,500,754,0.037,0.0056,S2,14,254,telemetry
500,152,500,0.9994,0.00057,nsga2,500,538,0.9259,0.065,S2,14,38,telemetry
500,271,500,0.8944,0.04181,random,500,740,0.1852,0.0063,S2,15,240,telemetry
500,133,500,0.9996,0.00124,nsga2,500,569,0.8148,0.0613,S2,15,69,telemetry
500,252,500,0.932,0.05235,random,500,744,0.1481,0.0066,S2,16,244,telemetry
500,132,500,0.9991,0.00338,nsga2,500,562,0.8519,0.0587,S2,16,62,telemetry
500,277,500,0.9062,0.06439,random,500,766,0.1852,0.0061,S2,17,266,telemetry
500,135,500,0.1349,0.26149,nsga2,500,527,0.6667,0.0627,S2,17,27,telemetry
500,275,500,0.9133,0.03636,random,500,759,0.2593,0.0062,S2,18,259,telemetry
500,151,500,0.9032,0.03377,nsga2,500,544,0.3704,0.0581,S2,18,44,telemetry
500,269,500,0.8434,0.05766,random,500,742,0.0741,0.0067,S2,19,242,telemetry
500,140,500,0.9901,0.01231,nsga2,500,526,0.5926,0.0578,S2,19,26,telemetry
1000,525,1000,0.8521,0.03758,random,1000,1494,0.2963,0.0162,S2,0,494,telemetry
1000,288,1000,0.9994,7e-05,nsga2,1000,1049,0.963,0.1478,S2,0,49,telemetry
1000,559,1000,0.8866,0.05234,random,1000,1506,0.1481,0.0142,S2,1,506,telemetry
1000,319,1000,0.9994,0.00073,nsga2,1000,1065,0.8519,0.1925,S2,1,65,telemetry
1000,547,1000,0.9419,0.04505,random,1000,1527,0.1852,0.0142,S2,2,527,telemetry
1000,258,1000,0.1356,0.25981,nsga2,1000,1059,0.7407,0.1571,S2,2,59,telemetry
1000,538,1000,0.959,0.02044,random,1000,1475,0.2593,0.0125,S2,3,475,telemetry
1000,261,1000,1.0,0.00015,nsga2,1000,1113,0.9259,0.1646,S2,3,113,telemetry
1000,536,1000,0.9476,0.0409,random,1000,1499,0.2963,0.0143,S2,4,499,telemetry
1000,289,1000,0.9994,7e-05,nsga2,1000,1055,0.963,0.1513,S2,4,55,telemetry
1000,552,1000,0.93,0.02184,random,1000,1546,0.3704,0.0141,S2,5,546,telemetry
1000,267,1000,1.0,7e-05,nsga2,1000,1143,0.963,0.1374,S2,5,143,telemetry
1000,546,1000,0.9464,0.01723,random,1000,1479,0.3704,0.0138,S2,6,479,telemetry
1000,332,1000,0.994,0.00079,nsga2,1000,1055,0.7407,0.1565,S2,6,55,telemetry
1000,566,1000,0.9026,0.03541,random,1000,1560,0.2593,0.0154,S2,7,560,telemetry
1000,314,1000,0.9991,0.00078,nsga2,1000,1048,0.8889,0.1371,S2,7,48,telemetry
1000,556,1000,0.8996,0.04707,random,1000,1433,0.1481,0.0129,S2,8,433,telemetry
1000,274,1000,0.9994,7e-05,nsga2,1000,1028,0.963,0.1399,S2,8,28,telemetry
1000,576,1000,0.9383,0.04189,random,1000,1535,0.2593,0.0125,S2,9,535,telemetry
1000,291,1000,0.9994,0.00057,nsga2,1000,1039,0.9259,0.1367,S2,9,39,telemetry
1000,553,1000,0.9441,0.03106,random,1000,1554,0.2593,0.0131,S2,10,554,telemetry
1000,280,1000,0.9994,7e-05,nsga2,1000,1092,0.963,0.1462,S2,10,92,telemetry
1000,558,1000,0.879,0.04956,random,1000,1505,0.1111,0.0133,S2,11,505,telemetry
1000,304,1000,0.9977,0.00408,nsga2,1000,1054,0.8519,0.1487,S2,11,54,telemetry
1000,557,1000,0.9002,0.03158,random,1000,1444,0.4074,0.0173,S2,12,444,telemetry
1000,296,1000,0.9998,7e-05,nsga2,1000,1109,0.963,0.1468,S2,12,109,telemetry
1000,539,1000,0.827,0.05516,random,1000,1485,0.2222,0.0143,S2,13,485,telemetry
1000,307,1000,0.1356,0.26006,nsga2,1000,1020,0.6296,0.1574,S2,13,20,telemetry
1000,586,1000,0.9216,0.04047,random,1000,1476,0.1111,0.0128,S2,14,476,telemetry
1000,317,1000,0.9994,7e-05,nsga2,1000,1038,0.963,0.1468,S2,14,38,telemetry
1000,541,1000,0.9085,0.03996,random,1000,1493,0.1852,0.0133,S2,15,493,telemetry
1000,262,1000,0.9999,0.00022,nsga2,1000,1109,0.963,0.1372,S2,15,109,telemetry
1000,539,1000,0.9677,0.01737,random,1000,1501,0.3704,0.0136,S2,16,501,telemetry
1000,291,1000,1.0,0.0,nsga2,1000,1087,1.0,0.1464,S2,16,87,telemetry
1000,540,1000,0.9273,0.04092,random,1000,1523,0.2963,0.0137,S2,17,523,telemetry
1000,258,1000,0.1356,0.25981,nsga2,1000,1027,0.7407,0.1423,S2,17,27,telemetry
1000,555,1000,0.9786,0.02538,random,1000,1478,0.3333,0.0132,S2,18,478,telemetry
1000,290,1000,0.9578,0.01021,nsga2,1000,1071,0.7407,0.1244,S2,18,71,telemetry
1000,531,1000,0.9274,0.03495,random,1000,1521,0.1852,0.0152,S2,19,521,telemetry
1000,310,1000,0.9994,0.00023,nsga2,1000,1028,0.8889,0.1254,S2,19,28,telemetry
3888,0,3888,1.0,0.0,exhaustive,3888,3888,1.0,0.0419,S2,,0,control
37,0,37,1.0,0.0,HCA-DSE,37,37,1.0,0.0346,S2,,0,control
100,53,100,0.6549,0.10669,random,100,147,0.04,0.0011,S2,0,47,control
100,37,100,0.4236,0.28161,nsga2,100,127,0.08,0.0121,S2,0,27,control
100,61,100,0.6068,0.15969,random,100,152,0.0,0.0012,S2,1,52,control
100,37,100,0.8836,0.0977,nsga2,100,144,0.08,0.0112,S2,1,44,control
100,55,100,0.7636,0.11165,random,100,173,0.0,0.001,S2,2,73,control
100,46,100,0.1348,0.39889,nsga2,100,125,0.0,0.01,S2,2,25,control
100,58,100,0.5863,0.13931,random,100,149,0.0,0.001,S2,3,49,control
100,43,100,0.1268,0.3996,nsga2,100,131,0.04,0.0116,S2,3,31,control
100,55,100,0.5864,0.15982,random,100,140,0.0,0.0009,S2,4,40,control
100,34,100,0.6032,0.19797,nsga2,100,133,0.0,0.0099,S2,4,33,control
100,60,100,0.5523,0.13969,random,100,145,0.04,0.001,S2,5,45,control
100,35,100,0.8576,0.09507,nsga2,100,142,0.04,0.0112,S2,5,42,control
100,61,100,0.7118,0.28719,random,100,154,0.04,0.001,S2,6,54,control
100,42,100,0.7052,0.18652,nsga2,100,120,0.0,0.0088,S2,6,20,control
100,57,100,0.6093,0.16752,random,100,153,0.04,0.0012,S2,7,53,control
100,43,100,0.713,0.12232,nsga2,100,122,0.04,0.0102,S2,7,22,control
100,53,100,0.687,0.11924,random,100,136,0.04,0.0009,S2,8,36,control
100,29,100,0.6847,0.08264,nsga2,100,129,0.08,0.0101,S2,8,29,control
100,59,100,0.6531,0.07916,random,100,159,0.12,0.001,S2,9,59,control
100,56,100,0.5426,0.13758,nsga2,100,127,0.0,0.0108,S2,9,27,control
100,55,100,0.7805,0.16027,random,100,162,0.04,0.0012,S2,10,62,control
100,32,100,0.4393,0.33206,nsga2,100,134,0.0,0.0121,S2,10,34,control
100,51,100,0.7288,0.13218,random,100,157,0.0,0.0011,S2,11,57,control
100,34,100,0.6316,0.168,nsga2,100,123,0.0,0.0093,S2,11,23,control
100,64,100,0.4788,0.25039,random,100,146,0.0,0.001,S2,12,46,control
100,39,100,0.4591,0.1706,nsga2,100,136,0.08,0.0107,S2,12,36,control
100,57,100,0.6505,0.13377,random,100,149,0.04,0.001,S2,13,49,control
100,46,100,0.5856,0.10441,nsga2,100,121,0.04,0.0087,S2,13,21,control
100,57,100,0.7546,0.16592,random,100,162,0.04,0.0011,S2,14,62,control
100,43,100,0.6599,0.08595,nsga2,100,131,0.12,0.0107,S2,14,31,control
100,56,100,0.6175,0.1249,random,100,154,0.04,0.001,S2,15,54,control
100,39,100,0.5843,0.14305,nsga2,100,140,0.0,0.0122,S2,15,40,control
100,47,100,0.7026,0.17117,random,100,153,0.0,0.0012,S2,16,53,control
100,38,100,0.539,0.16068,nsga2,100,123,0.0,0.01,S2,16,23,control
100,57,100,0.6825,0.16207,random,100,146,0.12,0.0012,S2,17,46,control
100,36,100,0.443,0.18681,nsga2,100,122,0.04,0.0118,S2,17,22,control
100,59,100,0.569,0.17969,random,100,137,0.04,0.001,S2,18,37,control
100,47,100,0.6705,0.12265,nsga2,100,122,0.0,0.0085,S2,18,22,control
100,48,100,0.4002,0.23398,random,100,148,0.0,0.0011,S2,19,48,control
100,33,100,0.753,0.10211,nsga2,100,128,0.0,0.011,S2,19,28,control
250,136,250,0.6622,0.10538,random,250,380,0.04,0.0027,S2,0,130,control
250,64,250,0.9154,0.03397,nsga2,250,285,0.4,0.0286,S2,0,35,control
250,144,250,0.7813,0.11636,random,250,389,0.0,0.0028,S2,1,139,control
250,69,250,0.9681,0.01071,nsga2,250,304,0.44,0.0329,S2,1,54,control
250,129,250,0.7927,0.08325,random,250,392,0.08,0.0028,S2,2,142,control
250,63,250,0.1912,0.28642,nsga2,250,281,0.32,0.0328,S2,2,31,control
250,128,250,0.9013,0.05351,random,250,370,0.08,0.0027,S2,3,120,control
250,62,250,0.1957,0.28562,nsga2,250,300,0.4,0.0313,S2,3,50,control
250,132,250,0.8294,0.10273,random,250,358,0.12,0.0026,S2,4,108,control
250,62,250,0.8345,0.05775,nsga2,250,294,0.12,0.0287,S2,4,44,control
250,140,250,0.8664,0.04823,random,250,368,0.12,0.003,S2,5,118,control
250,57,250,0.9609,0.02476,nsga2,250,308,0.32,0.0302,S2,5,58,control
250,143,250,0.8349,0.09449,random,250,358,0.08,0.0028,S2,6,108,control
250,75,250,0.8981,0.05304,nsga2,250,281,0.08,0.0291,S2,6,31,control
250,142,250,0.6225,0.14189,random,250,384,0.04,0.003,S2,7,134,control
250,66,250,0.9034,0.0318,nsga2,250,284,0.32,0.0295,S2,7,34,control
250,130,250,0.7072,0.10573,random,250,343,0.04,0.0026,S2,8,93,control
250,58,250,0.8086,0.04592,nsga2,250,287,0.32,0.0244,S2,8,37,control
250,132,250,0.8348,0.05764,random,250,404,0.16,0.0027,S2,9,154,control
250,83,250,0.9588,0.01883,nsga2,250,288,0.28,0.0239,S2,9,38,control
250,125,250,0.7903,0.14939,random,250,372,0.12,0.0028,S2,10,122,control
250,60,250,0.7945,0.09667,nsga2,250,301,0.0,0.0319,S2,10,51,control
250,133,250,0.7496,0.12692,random,250,389,0.04,0.0029,S2,11,139,control
250,69,250,0.9576,0.01047,nsga2,250,280,0.48,0.0273,S2,11,30,control
250,145,250,0.796,0.10839,random,250,355,0.08,0.0029,S2,12,105,control
250,65,250,0.8453,0.05419,nsga2,250,305,0.28,0.0305,S2,12,55,control
250,136,250,0.7314,0.08668,random,250,382,0.12,0.0029,S2,13,132,control
250,73,250,0.8999,0.02061,nsga2,250,290,0.28,0.0288,S2,13,40,control
250,149,250,0.8388,0.11613,random,250,374,0.04,0.0028,S2,14,124,control
250,68,250,0.9681,0.00827,nsga2,250,285,0.52,0.0352,S2,14,35,control
250,144,250,0.6359,0.12399,random,250,379,0.04,0.0026,S2,15,129,control
250,70,250,0.8488,0.02994,nsga2,250,301,0.28,0.0318,S2,15,51,control
250,129,250,0.8611,0.0875,random,250,378,0.0,0.003,S2,16,128,control
250,70,250,0.9982,0.00406,nsga2,250,286,0.68,0.0267,S2,16,36,control
250,137,250,0.707,0.12344,random,250,374,0.12,0.0029,S2,17,124,control
250,59,250,0.858,0.04267,nsga2,250,285,0.32,0.0319,S2,17,35,control
250,141,250,0.8711,0.10409,random,250,365,0.12,0.003,S2,18,115,control
250,77,250,0.9385,0.04464,nsga2,250,278,0.16,0.0309,S2,18,28,control
250,129,250,0.5862,0.14417,random,250,356,0.0,0.0029,S2,19,106,control
250,54,250,0.9245,0.04069,nsga2,250,285,0.16,0.0317,S2,19,35,control
500,275,500,0.6848,0.07369,random,500,747,0.12,0.0059,S2,0,247,control
500,128,500,0.9956,0.00322,nsga2,500,541,0.88,0.0657,S2,0,41,control
500,287,500,0.7978,0.10705,random,500,757,0.04,0.0057,S2,1,257,control
500,152,500,0.9985,0.00328,nsga2,500,557,0.64,0.0782,S2,1,57,control
500,263,500,0.8923,0.05071,random,500,783,0.16,0.0063,S2,2,283,control
500,119,500,0.1977,0.28091,nsga2,500,534,0.56,0.0926,S2,2,34,control
500,269,500,0.9069,0.05255,random,500,752,0.08,0.0057,S2,3,252,control
500,123,500,0.1978,0.28083,nsga2,500,568,0.64,0.0763,S2,3,68,control
500,254,500,0.9005,0.07324,random,500,749,0.12,0.0063,S2,4,249,control
500,108,500,0.9964,0.00086,nsga2,500,559,0.76,0.0737,S2,4,59,control
500,277,500,0.9117,0.03096,random,500,765,0.28,0.0063,S2,5,265,control
500,129,500,0.9993,0.00201,nsga2,500,577,0.84,0.0641,S2,5,77,control
500,279,500,0.9323,0.04515,random,500,749,0.2,0.0068,S2,6,249,control
500,139,500,0.9125,0.04043,nsga2,500,571,0.2,0.0794,S2,6,71,control
500,278,500,0.8636,0.0831,random,500,786,0.08,0.0128,S2,7,286,control
500,125,500,0.9973,0.00744,nsga2,500,538,0.72,0.0678,S2,7,38,control
500,268,500,0.8047,0.07597,random,500,710,0.08,0.0059,S2,8,210,control
500,117,500,0.9871,0.01205,nsga2,500,542,0.68,0.0626,S2,8,42,control
500,278,500,0.8637,0.05331,random,500,780,0.2,0.0059,S2,9,280,control
500,147,500,0.9986,0.0031,nsga2,500,563,0.72,0.0705,S2,9,63,control
500,267,500,0.8341,0.05665,random,500,769,0.12,0.0061,S2,10,269,control
500,118,500,0.9075,0.03687,nsga2,500,563,0.32,0.0683,S2,10,63,control
500,262,500,0.8505,0.06779,random,500,765,0.04,0.0069,S2,11,265,control
500,154,500,0.9981,0.00183,nsga2,500,535,0.76,0.069,S2,11,35,control
500,274,500,0.8729,0.05381,random,500,717,0.16,0.0072,S2,12,217,control
500,118,500,0.9626,0.00794,nsga2,500,575,0.72,0.0653,S2,12,75,control
500,260,500,0.7989,0.06692,random,500,740,0.12,0.0063,S2,13,240,control
500,138,500,0.999,0.00071,nsga2,500,568,0.76,0.0715,S2,13,68,control
500,294,500,0.8764,0.07812,random,500,754,0.04,0.0061,S2,14,254,control
500,125,500,0.9986,0.00304,nsga2,500,535,0.8,0.0864,S2,14,35,control
500,273,500,0.888,0.05206,random,500,740,0.12,0.006,S2,15,240,control
500,92,500,0.8871,0.02316,nsga2,500,553,0.48,0.0885,S2,15,53,control
500,262,500,0.9324,0.03235,random,500,744,0.2,0.007,S2,16,244,control
500,144,500,0.9992,8e-05,nsga2,500,536,0.92,0.0657,S2,16,36,control
500,273,500,0.9014,0.07701,random,500,766,0.2,0.0064,S2,17,266,control
500,118,500,0.9635,0.0055,nsga2,500,547,0.76,0.0737,S2,17,47,control
500,280,500,0.9143,0.03995,random,500,759,0.24,0.0064,S2,18,259,control
500,128,500,0.9611,0.02986,nsga2,500,551,0.44,0.0699,S2,18,51,control
500,264,500,0.8546,0.0545,random,500,742,0.04,0.0067,S2,19,242,control
500,108,500,0.9902,0.026,nsga2,500,548,0.6,0.0641,S2,19,48,control
1000,527,1000,0.8461,0.04028,random,1000,1494,0.28,0.0134,S2,0,494,control
1000,263,1000,0.9992,7e-05,nsga2,1000,1048,0.96,0.1318,S2,0,48,control
1000,565,1000,0.8805,0.05939,random,1000,1506,0.12,0.0138,S2,1,506,control
1000,333,1000,0.9986,0.00311,nsga2,1000,1056,0.72,0.1784,S2,1,56,control
1000,524,1000,0.9478,0.02735,random,1000,1527,0.24,0.0142,S2,2,527,control
1000,236,1000,0.1984,0.28009,nsga2,1000,1035,0.72,0.1667,S2,2,35,control
1000,532,1000,0.9484,0.0333,random,1000,1475,0.24,0.0128,S2,3,475,control
1000,254,1000,0.1984,0.28009,nsga2,1000,1083,0.68,0.1717,S2,3,83,control
1000,524,1000,0.9404,0.04281,random,1000,1499,0.24,0.0141,S2,4,499,control
1000,235,1000,1.0,0.0,nsga2,1000,1090,0.96,0.1707,S2,4,90,control
1000,558,1000,0.9228,0.03005,random,1000,1546,0.32,0.0286,S2,5,546,control
1000,270,1000,0.9998,0.00056,nsga2,1000,1123,0.96,0.146,S2,5,123,control
1000,551,1000,0.9484,0.01677,random,1000,1479,0.4,0.014,S2,6,479,control
1000,298,1000,0.9949,0.00347,nsga2,1000,1155,0.6,0.1912,S2,6,155,control
1000,559,1000,0.906,0.0356,random,1000,1560,0.28,0.0156,S2,7,560,control
1000,272,1000,0.9986,0.00304,nsga2,1000,1039,0.8,0.1582,S2,7,39,control
1000,548,1000,0.9015,0.04651,random,1000,1433,0.16,0.0129,S2,8,433,control
1000,281,1000,0.9992,9e-05,nsga2,1000,1049,0.92,0.1374,S2,8,49,control
1000,556,1000,0.9386,0.03086,random,1000,1535,0.32,0.0119,S2,9,535,control
1000,286,1000,0.9993,0.00302,nsga2,1000,1138,0.76,0.1487,S2,9,138,control
1000,552,1000,0.9256,0.03982,random,1000,1554,0.2,0.0133,S2,10,554,control
1000,251,1000,0.9995,0.00213,nsga2,1000,1129,0.8,0.1465,S2,10,129,control
1000,562,1000,0.8651,0.06378,random,1000,1505,0.04,0.013,S2,11,505,control
1000,333,1000,0.9992,0.0002,nsga2,1000,1044,0.84,0.1352,S2,11,44,control
1000,567,1000,0.9026,0.0297,random,1000,1444,0.4,0.0297,S2,12,444,control
1000,242,1000,0.9998,0.00056,nsga2,1000,1111,0.96,0.1474,S2,12,111,control
1000,531,1000,0.8352,0.05418,random,1000,1485,0.2,0.014,S2,13,485,control
1000,285,1000,0.9998,0.00056,nsga2,1000,1113,0.92,0.1616,S2,13,113,control
1000,568,1000,0.9136,0.04137,random,1000,1476,0.12,0.0136,S2,14,476,control
1000,273,1000,0.9986,0.00304,nsga2,1000,1035,0.8,0.185,S2,14,35,control
1000,543,1000,0.9109,0.03479,random,1000,1493,0.16,0.0141,S2,15,493,control
1000,138,1000,0.8871,0.02309,nsga2,1000,1053,0.56,0.217,S2,15,53,control
1000,540,1000,0.9713,0.01355,random,1000,1501,0.4,0.0143,S2,16,501,control
1000,303,1000,0.9992,7e-05,nsga2,1000,1036,0.96,0.1392,S2,16,36,control
1000,526,1000,0.9338,0.04648,random,1000,1523,0.28,0.0159,S2,17,523,control
1000,271,1000,0.9635,0.0055,nsga2,1000,1090,0.76,0.1798,S2,17,90,control
1000,561,1000,0.97,0.02212,random,1000,1478,0.36,0.0157,S2,18,478,control
1000,230,1000,0.9902,0.02512,nsga2,1000,1091,0.56,0.1631,S2,18,91,control
1000,546,1000,0.9219,0.04026,random,1000,1521,0.12,0.0151,S2,19,521,control
1000,227,1000,0.9905,0.02456,nsga2,1000,1076,0.64,0.138,S2,19,76,control
3888,0,3888,1.0,0.0,exhaustive,3888,3888,1.0,0.0292,S2,,0,sensing
26,0,26,1.0,0.0,HCA-DSE,26,26,1.0,0.0163,S2,,0,sensing
100,79,100,0.8353,0.17557,random,100,147,0.0625,0.0008,S2,0,47,sensing
100,42,100,0.444,0.22372,nsga2,100,131,0.0625,0.0118,S2,0,31,sensing
100,77,100,0.1214,0.29341,random,100,152,0.0,0.001,S2,1,52,sensing
100,58,100,0.9029,0.09534,nsga2,100,148,0.25,0.0108,S2,1,48,sensing
100,76,100,0.2142,0.46639,random,100,173,0.0,0.001,S2,2,73,sensing
100,62,100,0.4982,0.28779,nsga2,100,124,0.0,0.0117,S2,2,24,sensing
100,77,100,0.1161,0.49844,random,100,149,0.0,0.0009,S2,3,49,sensing
100,59,100,0.454,0.22767,nsga2,100,125,0.0,0.0098,S2,3,25,sensing
100,77,100,0.0401,0.59123,random,100,140,0.0,0.0009,S2,4,40,sensing
100,62,100,0.1194,0.6518,nsga2,100,161,0.0,0.0108,S2,4,61,sensing
100,82,100,0.0695,0.40966,random,100,145,0.0,0.0009,S2,5,45,sensing
100,47,100,0.7257,0.2154,nsga2,100,137,0.0,0.0097,S2,5,37,sensing
100,71,100,0.7414,0.19904,random,100,154,0.0625,0.0009,S2,6,54,sensing
100,62,100,0.1503,0.38714,nsga2,100,119,0.0,0.0092,S2,6,19,sensing
100,81,100,0.7263,0.21289,random,100,153,0.0,0.0009,S2,7,53,sensing
100,63,100,0.0522,0.56476,nsga2,100,125,0.0,0.0085,S2,7,25,sensing
100,64,100,0.4954,0.26719,random,100,136,0.0,0.0009,S2,8,36,sensing
100,71,100,0.0656,0.43342,nsga2,100,124,0.0,0.0085,S2,8,24,sensing
100,84,100,0.4476,0.19911,random,100,159,0.0625,0.0009,S2,9,59,sensing
100,53,100,0.0339,0.51887,nsga2,100,117,0.0625,0.011,S2,9,17,sensing
100,75,100,0.4076,0.25754,random,100,162,0.0625,0.0012,S2,10,62,sensing
100,52,100,0.0833,0.41348,nsga2,100,148,0.0625,0.0134,S2,10,48,sensing
100,78,100,0.1772,0.39129,random,100,157,0.0625,0.001,S2,11,57,sensing
100,48,100,0.1128,0.40552,nsga2,100,120,0.0625,0.0101,S2,11,20,sensing
100,79,100,0.1739,0.55598,random,100,146,0.0,0.001,S2,12,46,sensing
100,52,100,0.4083,0.17013,nsga2,100,126,0.1875,0.011,S2,12,26,sensing
100,78,100,0.2948,0.24397,random,100,149,0.0625,0.0009,S2,13,49,sensing
100,69,100,0.0457,0.48213,nsga2,100,131,0.0,0.0099,S2,13,31,sensing
100,81,100,0.5329,0.28324,random,100,162,0.0,0.0009,S2,14,62,sensing
100,65,100,0.0858,0.33568,nsga2,100,121,0.1875,0.0092,S2,14,21,sensing
100,80,100,0.3109,0.18825,random,100,154,0.0625,0.0009,S2,15,54,sensing
100,70,100,0.495,0.30086,nsga2,100,142,0.0,0.0111,S2,15,42,sensing
100,73,100,0.7628,0.16415,random,100,153,0.0,0.0009,S2,16,53,sensing
100,56,100,0.3926,0.15037,nsga2,100,138,0.125,0.0164,S2,16,38,sensing
100,72,100,0.7404,0.12456,random,100,146,0.1875,0.0009,S2,17,46,sensing
100,71,100,0.0734,0.47362,nsga2,100,123,0.0,0.0091,S2,17,23,sensing
100,74,100,0.5944,0.12482,random,100,137,0.0625,0.0009,S2,18,37,sensing
100,51,100,0.4413,0.29324,nsga2,100,129,0.0,0.01,S2,18,29,sensing
100,70,100,0.0422,0.49043,random,100,148,0.0625,0.001,S2,19,48,sensing
100,57,100,0.7405,0.20104,nsga2,100,119,0.0,0.0093,S2,19,19,sensing
250,190,250,0.8353,0.17318,random,250,380,0.0625,0.0022,S2,0,130,sensing
250,74,250,0.9019,0.02463,nsga2,250,298,0.5,0.0293,S2,0,48,sensing
250,188,250,0.8548,0.10152,random,250,389,0.0,0.0024,S2,1,139,sensing
250,115,250,0.9549,0.03819,nsga2,250,327,0.5,0.0359,S2,1,77,sensing
250,189,250,0.7437,0.20711,random,250,392,0.0625,0.0025,S2,2,142,sensing
250,100,250,0.7697,0.09773,nsga2,250,286,0.125,0.0279,S2,2,36,sensing
250,182,250,0.5877,0.19132,random,250,370,0.0625,0.0024,S2,3,120,sensing
250,102,250,0.8679,0.04582,nsga2,250,284,0.25,0.0284,S2,3,34,sensing
250,196,250,0.9364,0.07971,random,250,358,0.1875,0.0023,S2,4,108,sensing
250,97,250,0.1696,0.34561,nsga2,250,317,0.0625,0.0286,S2,4,67,sensing
250,197,250,0.5278,0.13521,random,250,368,0.0,0.0023,S2,5,118,sensing
250,82,250,0.8611,0.05327,nsga2,250,299,0.25,0.0276,S2,5,49,sensing
250,199,250,0.7853,0.16201,random,250,358,0.0625,0.0023,S2,6,108,sensing
250,96,250,0.8157,0.05856,nsga2,250,282,0.25,0.028,S2,6,32,sensing
250,194,250,0.7605,0.1246,random,250,384,0.125,0.0023,S2,7,134,sensing
250,110,250,0.3917,0.27214,nsga2,250,287,0.0,0.0259,S2,7,37,sensing
250,178,250,0.5217,0.16883,random,250,343,0.125,0.0023,S2,8,93,sensing
250,102,250,0.0955,0.31532,nsga2,250,285,0.5625,0.036,S2,8,35,sensing
250,199,250,0.4858,0.13355,random,250,404,0.125,0.0023,S2,9,154,sensing
250,77,250,0.0901,0.32847,nsga2,250,284,0.3125,0.0325,S2,9,34,sensing
250,195,250,0.9159,0.05961,random,250,372,0.125,0.0022,S2,10,122,sensing
250,93,250,0.4194,0.34048,nsga2,250,307,0.0,0.0301,S2,10,57,sensing
250,205,250,0.3497,0.2229,random,250,389,0.125,0.0028,S2,11,139,sensing
250,80,250,0.5853,0.06758,nsga2,250,284,0.5625,0.0314,S2,11,34,sensing
250,195,250,0.7848,0.18059,random,250,355,0.0625,0.0022,S2,12,105,sensing
250,99,250,0.7789,0.0367,nsga2,250,295,0.5625,0.0351,S2,12,45,sensing
250,203,250,0.6408,0.09464,random,250,382,0.0625,0.0027,S2,13,132,sensing
250,123,250,0.085,0.34924,nsga2,250,285,0.1875,0.0303,S2,13,35,sensing
250,196,250,0.6199,0.24379,random,250,374,0.0,0.0024,S2,14,124,sensing
250,108,250,0.3698,0.16568,nsga2,250,277,0.3125,0.0318,S2,14,27,sensing
250,194,250,0.7052,0.09812,random,250,379,0.125,0.0023,S2,15,129,sensing
250,115,250,0.7545,0.10799,nsga2,250,304,0.125,0.027,S2,15,54,sensing
250,188,250,0.767,0.10297,random,250,378,0.0625,0.0023,S2,16,128,sensing
250,88,250,0.9086,0.01977,nsga2,250,306,0.375,0.0393,S2,16,56,sensing
250,178,250,0.757,0.10343,random,250,374,0.25,0.0025,S2,17,124,sensing
250,96,250,0.5631,0.1246,nsga2,250,283,0.3125,0.0296,S2,17,33,sensing
250,188,250,0.8059,0.08051,random,250,365,0.125,0.0022,S2,18,115,sensing
250,79,250,0.6957,0.0988,nsga2,250,285,0.125,0.0277,S2,18,35,sensing
250,191,250,0.1174,0.43369,random,250,356,0.0625,0.0025,S2,19,106,sensing
250,88,250,0.8974,0.08827,nsga2,250,288,0.0625,0.0304,S2,19,38,sensing
500,383,500,0.8493,0.17128,random,500,747,0.0625,0.0046,S2,0,247,sensing
500,153,500,1.0,0.0001,nsga2,500,584,0.9375,0.0735,S2,0,84,sensing
500,385,500,0.8711,0.06682,random,500,757,0.0625,0.0049,S2,1,257,sensing
500,196,500,0.9999,0.00086,nsga2,500,613,0.9375,0.0725,S2,1,113,sensing
500,380,500,0.8973,0.0716,random,500,783,0.1875,0.0052,S2,2,283,sensing
500,148,500,0.8988,0.04038,nsga2,500,580,0.4375,0.083,S2,2,80,sensing
500,373,500,0.7904,0.0991,random,500,752,0.125,0.0052,S2,3,252,sensing
500,195,500,0.941,0.01337,nsga2,500,551,0.625,0.0605,S2,3,51,sensing
500,396,500,0.9744,0.06699,random,500,749,0.1875,0.0049,S2,4,249,sensing
500,180,500,0.6877,0.09636,nsga2,500,573,0.25,0.0673,S2,4,73,sensing
500,381,500,0.6449,0.09414,random,500,765,0.0625,0.0049,S2,5,265,sensing
500,157,500,0.9999,0.00173,nsga2,500,566,0.875,0.0705,S2,5,66,sensing
500,384,500,0.8694,0.12312,random,500,749,0.125,0.0047,S2,6,249,sensing
500,196,500,0.941,0.01381,nsga2,500,545,0.5,0.0616,S2,6,45,sensing
500,385,500,0.8492,0.09848,random,500,786,0.1875,0.0048,S2,7,286,sensing
500,203,500,0.9747,0.0436,nsga2,500,556,0.625,0.0674,S2,7,56,sensing
500,367,500,0.8669,0.06347,random,500,710,0.1875,0.005,S2,8,210,sensing
500,154,500,0.0955,0.315,nsga2,500,550,0.6875,0.0868,S2,8,50,sensing
500,393,500,0.6841,0.11248,random,500,780,0.1875,0.0046,S2,9,280,sensing
500,116,500,0.0955,0.315,nsga2,500,558,0.6875,0.0826,S2,9,58,sensing
500,383,500,0.9162,0.05744,random,500,769,0.1875,0.0047,S2,10,269,sensing
500,172,500,0.8399,0.05995,nsga2,500,562,0.3125,0.062,S2,10,62,sensing
500,400,500,0.7987,0.10087,random,500,765,0.125,0.0046,S2,11,265,sensing
500,148,500,0.974,0.00427,nsga2,500,556,0.9375,0.0799,S2,11,56,sensing
500,386,500,0.8674,0.14847,random,500,717,0.0625,0.0047,S2,12,217,sensing
500,168,500,0.941,0.01337,nsga2,500,578,0.625,0.0995,S2,12,78,sensing
500,396,500,0.7969,0.07768,random,500,740,0.0625,0.0048,S2,13,240,sensing
500,167,500,0.0955,0.3151,nsga2,500,547,0.625,0.077,S2,13,47,sensing
500,394,500,0.6751,0.16966,random,500,754,0.0625,0.005,S2,14,254,sensing
500,190,500,0.7907,0.03861,nsga2,500,557,0.625,0.0831,S2,14,57,sensing
500,402,500,0.8199,0.07045,random,500,740,0.1875,0.005,S2,15,240,sensing
500,183,500,0.9999,0.00173,nsga2,500,580,0.875,0.0732,S2,15,80,sensing
500,378,500,0.9011,0.07168,random,500,744,0.25,0.0057,S2,16,244,sensing
500,158,500,1.0,0.0,nsga2,500,577,1.0,0.0792,S2,16,77,sensing
500,360,500,0.8296,0.07482,random,500,766,0.25,0.0049,S2,17,266,sensing
500,169,500,0.9221,0.0205,nsga2,500,549,0.5625,0.0708,S2,17,49,sensing
500,381,500,0.8546,0.07251,random,500,759,0.1875,0.0046,S2,18,259,sensing
500,148,500,0.8777,0.02747,nsga2,500,555,0.625,0.0675,S2,18,55,sensing
500,380,500,0.6066,0.1629,random,500,742,0.0625,0.0052,S2,19,242,sensing
500,146,500,0.9916,0.01097,nsga2,500,588,0.8125,0.0755,S2,19,88,sensing
1000,750,1000,0.8913,0.05956,random,1000,1494,0.25,0.0095,S2,0,494,sensing
1000,310,1000,1.0,0.0,nsga2,1000,1148,1.0,0.2161,S2,0,148,sensing
1000,777,1000,0.914,0.04459,random,1000,1506,0.125,0.0098,S2,1,506,sensing
1000,364,1000,1.0,0.0,nsga2,1000,1167,1.0,0.178,S2,1,167,sensing
1000,776,1000,0.9254,0.06419,random,1000,1527,0.25,0.0102,S2,2,527,sensing
1000,243,1000,0.9021,0.02193,nsga2,1000,1149,0.6875,0.1594,S2,2,149,sensing
1000,746,1000,0.8706,0.06259,random,1000,1475,0.1875,0.0104,S2,3,475,sensing
1000,391,1000,0.9999,0.00173,nsga2,1000,1129,0.875,0.1817,S2,3,129,sensing
1000,777,1000,0.98,0.02264,random,1000,1499,0.4375,0.0131,S2,4,499,sensing
1000,385,1000,0.8825,0.0343,nsga2,1000,1076,0.5,0.2539,S2,4,76,sensing
1000,776,1000,0.7674,0.07426,random,1000,1546,0.125,0.0103,S2,5,546,sensing
1000,337,1000,0.9999,0.00086,nsga2,1000,1130,0.9375,0.205,S2,5,130,sensing
1000,761,1000,0.9304,0.04835,random,1000,1479,0.25,0.0105,S2,6,479,sensing
1000,384,1000,0.941,0.01337,nsga2,1000,1103,0.625,0.1784,S2,6,103,sensing
1000,771,1000,0.904,0.04648,random,1000,1560,0.375,0.0101,S2,7,560,sensing
1000,388,1000,1.0,0.0,nsga2,1000,1125,1.0,0.1661,S2,7,125,sensing
1000,756,1000,0.8675,0.05868,random,1000,1433,0.25,0.0102,S2,8,433,sensing
1000,256,1000,0.0955,0.315,nsga2,1000,1102,0.6875,0.2111,S2,8,102,sensing
1000,776,1000,0.9381,0.05096,random,1000,1535,0.375,0.0097,S2,9,535,sensing
1000,216,1000,0.0955,0.315,nsga2,1000,1121,0.6875,0.2046,S2,9,121,sensing
1000,762,1000,0.9259,0.04584,random,1000,1554,0.25,0.0097,S2,10,554,sensing
1000,379,1000,0.9999,0.00173,nsga2,1000,1098,0.875,0.1579,S2,10,98,sensing
1000,782,1000,0.8057,0.09914,random,1000,1505,0.125,0.0099,S2,11,505,sensing
1000,315,1000,1.0,0.0,nsga2,1000,1124,1.0,0.189,S2,11,124,sensing
1000,768,1000,0.9086,0.06834,random,1000,1444,0.25,0.0099,S2,12,444,sensing
1000,350,1000,0.9999,0.00173,nsga2,1000,1150,0.875,0.1972,S2,12,150,sensing
1000,774,1000,0.81,0.06269,random,1000,1485,0.3125,0.0096,S2,13,485,sensing
1000,273,1000,0.0955,0.315,nsga2,1000,1106,0.6875,0.1997,S2,13,106,sensing
1000,769,1000,0.842,0.09264,random,1000,1476,0.0625,0.0104,S2,14,476,sensing
1000,357,1000,0.9999,0.00022,nsga2,1000,1146,0.9375,0.183,S2,14,146,sensing
1000,789,1000,0.8383,0.06258,random,1000,1493,0.1875,0.0097,S2,15,493,sensing
1000,350,1000,0.9999,0.00173,nsga2,1000,1178,0.875,0.1854,S2,15,178,sensing
1000,769,1000,0.902,0.06646,random,1000,1501,0.3125,0.0094,S2,16,501,sensing
1000,318,1000,1.0,0.0,nsga2,1000,1119,1.0,0.1664,S2,16,119,sensing
1000,728,1000,0.8638,0.06519,random,1000,1523,0.375,0.0103,S2,17,523,sensing
1000,356,1000,0.9625,0.00755,nsga2,1000,1106,0.75,0.1682,S2,17,106,sensing
1000,777,1000,0.9178,0.0571,random,1000,1478,0.25,0.0108,S2,18,478,sensing
1000,309,1000,1.0,0.0,nsga2,1000,1109,1.0,0.1685,S2,18,109,sensing
1000,755,1000,0.8733,0.07238,random,1000,1521,0.125,0.0113,S2,19,521,sensing
1000,306,1000,1.0,0.0,nsga2,1000,1167,1.0,0.1717,S2,19,167,sensing
34560,0,34560,1.0,0.0,exhaustive,34560,34560,1.0,0.3085,S3,,0,telemetry
50,0,50,1.0,0.0,HCA-DSE,50,50,1.0,0.138,S3,,0,telemetry
100,72,100,0.7014,0.26056,random,100,136,0.0,0.001,S3,0,36,telemetry
100,58,100,0.0638,0.46868,nsga2,100,135,0.0,0.0089,S3,0,35,telemetry
100,78,100,0.5429,0.35638,random,100,166,0.0,0.0009,S3,1,66,telemetry
100,52,100,0.7345,0.13655,nsga2,100,138,0.0,0.0096,S3,1,38,telemetry
100,71,100,0.8035,0.18876,random,100,159,0.0323,0.0009,S3,2,59,telemetry
100,70,100,0.0431,0.57771,nsga2,100,123,0.0,0.0099,S3,2,23,telemetry
100,66,100,0.5278,0.25268,random,100,147,0.0,0.001,S3,3,47,telemetry
100,63,100,0.0417,0.52814,nsga2,100,139,0.0,0.0096,S3,3,39,telemetry
100,73,100,0.3802,0.37773,random,100,149,0.0,0.0009,S3,4,49,telemetry
100,65,100,0.5745,0.163,nsga2,100,150,0.0323,0.0129,S3,4,50,telemetry
100,77,100,0.0467,0.53088,random,100,143,0.0,0.001,S3,5,43,telemetry
100,56,100,0.8276,0.12963,nsga2,100,148,0.0,0.0116,S3,5,48,telemetry
100,78,100,0.3479,0.37879,random,100,143,0.0,0.0009,S3,6,43,telemetry
100,59,100,0.096,0.5283,nsga2,100,140,0.0,0.0108,S3,6,40,telemetry
100,68,100,0.5915,0.24838,random,100,146,0.0,0.001,S3,7,46,telemetry
100,68,100,0.2882,0.42373,nsga2,100,144,0.0,0.013,S3,7,44,telemetry
100,71,100,0.3525,0.23658,random,100,155,0.0,0.0009,S3,8,55,telemetry
100,43,100,0.247,0.41172,nsga2,100,126,0.0,0.0106,S3,8,26,telemetry
100,66,100,0.7256,0.23458,random,100,140,0.0,0.0009,S3,9,40,telemetry
100,66,100,0.0274,0.63106,nsga2,100,124,0.0,0.0088,S3,9,24,telemetry
100,73,100,0.1004,0.34203,random,100,136,0.0,0.0009,S3,10,36,telemetry
100,63,100,0.0203,0.70357,nsga2,100,143,0.0,0.0105,S3,10,43,telemetry
100,72,100,0.3086,0.39232,random,100,135,0.0,0.0009,S3,11,35,telemetry
100,57,100,0.1211,0.38618,nsga2,100,127,0.0323,0.0099,S3,11,27,telemetry
100,75,100,0.4282,0.4056,random,100,147,0.0,0.001,S3,12,47,telemetry
100,61,100,0.0614,0.44306,nsga2,100,133,0.0,0.0098,S3,12,33,telemetry
100,72,100,0.0724,0.4729,random,100,154,0.0,0.0009,S3,13,54,telemetry
100,62,100,0.0804,0.4173,nsga2,100,123,0.0,0.0082,S3,13,23,telemetry
100,73,100,0.1469,0.60179,random,100,155,0.0,0.001,S3,14,55,telemetry
100,55,100,0.0308,0.69592,nsga2,100,129,0.0,0.0093,S3,14,29,telemetry
100,76,100,0.2557,0.49278,random,100,163,0.0,0.0009,S3,15,63,telemetry
100,50,100,0.2697,0.28645,nsga2,100,128,0.0,0.0106,S3,15,28,telemetry
100,66,100,0.6267,0.33648,random,100,158,0.0,0.0011,S3,16,58,telemetry
100,52,100,0.2227,0.49278,nsga2,100,147,0.0,0.0133,S3,16,47,telemetry
100,72,100,0.1022,0.44138,random,100,151,0.0,0.0009,S3,17,51,telemetry
100,40,100,0.0555,0.49418,nsga2,100,123,0.0,0.0095,S3,17,23,telemetry
100,76,100,0.3645,0.44032,random,100,146,0.0,0.0009,S3,18,46,telemetry
100,59,100,0.0394,0.59253,nsga2,100,130,0.0,0.0094,S3,18,30,telemetry
100,75,100,0.4046,0.41904,random,100,159,0.0,0.0009,S3,19,59,telemetry
100,57,100,0.0183,0.78029,nsga2,100,131,0.0,0.0094,S3,19,31,telemetry
250,186,250,0.709,0.21999,random,250,366,0.0,0.0023,S3,0,116,telemetry
250,88,250,0.1135,0.32473,nsga2,250,285,0.0645,0.0277,S3,0,35,telemetry
250,183,250,0.5606,0.26373,random,250,387,0.0,0.0025,S3,1,137,telemetry
250,97,250,0.7823,0.08461,nsga2,250,302,0.0323,0.0276,S3,1,52,telemetry
250,185,250,0.868,0.07768,random,250,385,0.0323,0.0024,S3,2,135,telemetry
250,104,250,0.0981,0.35622,nsga2,250,280,0.0,0.0249,S3,2,30,telemetry
250,189,250,0.5314,0.23955,random,250,372,0.0,0.0025,S3,3,122,telemetry
250,117,250,0.1093,0.31609,nsga2,250,290,0.0323,0.0236,S3,3,40,telemetry
250,179,250,0.5902,0.2661,random,250,355,0.0,0.0023,S3,4,105,telemetry
250,84,250,0.8415,0.08745,nsga2,250,310,0.0968,0.0285,S3,4,60,telemetry
250,184,250,0.192,0.36139,random,250,360,0.0,0.0023,S3,5,110,telemetry
250,79,250,0.9311,0.03773,nsga2,250,308,0.1613,0.028,S3,5,58,telemetry
250,187,250,0.6625,0.19648,random,250,371,0.0,0.0023,S3,6,121,telemetry
250,95,250,0.6437,0.12948,nsga2,250,299,0.0323,0.029,S3,6,49,telemetry
250,174,250,0.5985,0.24781,random,250,356,0.0,0.0023,S3,7,106,telemetry
250,104,250,0.5166,0.26295,nsga2,250,298,0.0,0.0275,S3,7,48,telemetry
250,181,250,0.4627,0.20744,random,250,395,0.0,0.0026,S3,8,145,telemetry
250,90,250,0.9011,0.03035,nsga2,250,286,0.1613,0.0257,S3,8,36,telemetry
250,186,250,0.7394,0.23151,random,250,369,0.0,0.0024,S3,9,119,telemetry
250,106,250,0.0987,0.33183,nsga2,250,281,0.0323,0.0238,S3,9,31,telemetry
250,184,250,0.1093,0.30785,random,250,358,0.0,0.0022,S3,10,108,telemetry
250,88,250,0.0624,0.47562,nsga2,250,297,0.0,0.0284,S3,10,47,telemetry
250,172,250,0.3527,0.28528,random,250,342,0.0,0.0024,S3,11,92,telemetry
250,93,250,0.8025,0.04669,nsga2,250,281,0.129,0.0262,S3,11,31,telemetry
250,184,250,0.7007,0.23623,random,250,367,0.0,0.0025,S3,12,117,telemetry
250,94,250,0.1089,0.32372,nsga2,250,286,0.0323,0.0268,S3,12,36,telemetry
250,172,250,0.4372,0.29359,random,250,375,0.0,0.0023,S3,13,125,telemetry
250,83,250,0.1258,0.28386,nsga2,250,291,0.1935,0.025,S3,13,41,telemetry
250,176,250,0.4141,0.21977,random,250,358,0.0323,0.0024,S3,14,108,telemetry
250,83,250,0.0531,0.56174,nsga2,250,280,0.0,0.0242,S3,14,30,telemetry
250,195,250,0.2707,0.45747,random,250,377,0.0,0.0024,S3,15,127,telemetry
250,88,250,0.5046,0.11932,nsga2,250,289,0.0,0.0246,S3,15,39,telemetry
250,180,250,0.6557,0.20245,random,250,395,0.0,0.0024,S3,16,145,telemetry
250,83,250,0.3309,0.21252,nsga2,250,305,0.0,0.0253,S3,16,55,telemetry
250,187,250,0.138,0.41342,random,250,385,0.0,0.0023,S3,17,135,telemetry
250,79,250,0.347,0.24507,nsga2,250,277,0.0,0.0241,S3,17,27,telemetry
250,194,250,0.3879,0.3917,random,250,380,0.0,0.0023,S3,18,130,telemetry
250,95,250,0.3161,0.28156,nsga2,250,282,0.0,0.0258,S3,18,32,telemetry
250,183,250,0.5768,0.31801,random,250,384,0.0,0.0025,S3,19,134,telemetry
250,93,250,0.0579,0.47858,nsga2,250,281,0.0,0.0222,S3,19,31,telemetry
500,374,500,0.7407,0.13226,random,500,732,0.0,0.0045,S3,0,232,telemetry
500,141,500,0.1243,0.30176,nsga2,500,537,0.2581,0.0639,S3,0,37,telemetry
500,356,500,0.5736,0.2326,random,500,784,0.0,0.005,S3,1,284,telemetry
500,168,500,0.971,0.0135,nsga2,500,555,0.5484,0.0571,S3,1,55,telemetry
500,365,500,0.8682,0.07768,random,500,748,0.0323,0.0046,S3,2,248,telemetry
500,160,500,0.1326,0.27008,nsga2,500,535,0.2581,0.061,S3,2,35,telemetry
500,374,500,0.5477,0.23007,random,500,745,0.0,0.0048,S3,3,245,telemetry
500,209,500,0.1267,0.27286,nsga2,500,547,0.1613,0.0493,S3,3,47,telemetry
500,354,500,0.6047,0.20105,random,500,723,0.0,0.0048,S3,4,223,telemetry
500,137,500,0.9378,0.05635,nsga2,500,564,0.1935,0.055,S3,4,64,telemetry
500,337,500,0.6191,0.15877,random,500,743,0.0323,0.0049,S3,5,243,telemetry
500,172,500,0.9978,0.00572,nsga2,500,560,0.7419,0.0644,S3,5,60,telemetry
500,364,500,0.7077,0.10869,random,500,759,0.0,0.0052,S3,6,259,telemetry
500,137,500,0.9149,0.0591,nsga2,500,560,0.1935,0.0658,S3,6,60,telemetry
500,354,500,0.6059,0.22493,random,500,747,0.0,0.005,S3,7,247,telemetry
500,139,500,0.7878,0.10587,nsga2,500,553,0.0645,0.0615,S3,7,53,telemetry
500,367,500,0.4728,0.16847,random,500,780,0.0,0.0048,S3,8,280,telemetry
500,170,500,0.9962,0.00626,nsga2,500,554,0.6452,0.0663,S3,8,54,telemetry
500,374,500,0.7856,0.14898,random,500,746,0.0,0.0051,S3,9,246,telemetry
500,165,500,0.1311,0.27173,nsga2,500,540,0.3548,0.0582,S3,9,40,telemetry
500,369,500,0.4434,0.13812,random,500,754,0.0,0.0046,S3,10,254,telemetry
500,143,500,0.1077,0.34181,nsga2,500,559,0.0,0.069,S3,10,59,telemetry
500,373,500,0.4708,0.22215,random,500,709,0.0,0.0047,S3,11,209,telemetry
500,191,500,0.9051,0.01754,nsga2,500,538,0.5161,0.063,S3,11,38,telemetry
500,369,500,0.7009,0.22837,random,500,790,0.0,0.005,S3,12,290,telemetry
500,150,500,0.1321,0.26438,nsga2,500,536,0.5161,0.0655,S3,12,36,telemetry
500,352,500,0.5124,0.16113,random,500,726,0.0,0.0056,S3,13,226,telemetry
500,145,500,0.1347,0.25921,nsga2,500,541,0.6129,0.0573,S3,13,41,telemetry
500,354,500,0.4205,0.21752,random,500,731,0.0323,0.0053,S3,14,231,telemetry
500,142,500,0.1188,0.31331,nsga2,500,531,0.129,0.0569,S3,14,31,telemetry
500,380,500,0.6897,0.23623,random,500,770,0.0,0.0049,S3,15,270,telemetry
500,136,500,0.9466,0.01322,nsga2,500,548,0.3226,0.0579,S3,15,48,telemetry
500,368,500,0.7322,0.15654,random,500,764,0.0,0.0047,S3,16,264,telemetry
500,144,500,0.9402,0.01483,nsga2,500,561,0.4516,0.0604,S3,16,61,telemetry
500,366,500,0.5833,0.24712,random,500,767,0.0,0.005,S3,17,267,telemetry
500,116,500,0.9033,0.05977,nsga2,500,547,0.1935,0.0613,S3,17,47,telemetry
500,377,500,0.6491,0.19329,random,500,758,0.0,0.0053,S3,18,258,telemetry
500,142,500,0.7377,0.12058,nsga2,500,533,0.0,0.0601,S3,18,33,telemetry
500,362,500,0.7306,0.17217,random,500,764,0.0,0.0049,S3,19,264,telemetry
500,130,500,0.1037,0.35847,nsga2,500,531,0.0,0.0603,S3,19,31,telemetry
1000,731,1000,0.8087,0.11097,random,1000,1485,0.0645,0.0101,S3,0,485,telemetry
1000,264,1000,0.1244,0.29982,nsga2,1000,1039,0.2903,0.1547,S3,0,39,telemetry
1000,743,1000,0.7703,0.16226,random,1000,1542,0.0,0.0106,S3,1,542,telemetry
1000,312,1000,0.9993,0.00015,nsga2,1000,1056,0.9355,0.1369,S3,1,56,telemetry
1000,752,1000,0.8757,0.06198,random,1000,1478,0.0323,0.0094,S3,2,478,telemetry
1000,281,1000,0.1342,0.26717,nsga2,1000,1070,0.3226,0.155,S3,2,70,telemetry
1000,734,1000,0.6801,0.09503,random,1000,1479,0.0,0.0108,S3,3,479,telemetry
1000,330,1000,0.1363,0.25852,nsga2,1000,1048,0.7419,0.1321,S3,3,48,telemetry
1000,716,1000,0.6185,0.15979,random,1000,1477,0.0,0.01,S3,4,477,telemetry
1000,267,1000,0.9874,0.04145,nsga2,1000,1069,0.4839,0.1287,S3,4,69,telemetry
1000,697,1000,0.7685,0.08773,random,1000,1495,0.0323,0.0106,S3,5,495,telemetry
1000,344,1000,0.9978,0.00572,nsga2,1000,1061,0.7419,0.156,S3,5,61,telemetry
1000,743,1000,0.8022,0.09406,random,1000,1510,0.0,0.0098,S3,6,510,telemetry
1000,306,1000,0.9859,0.04702,nsga2,1000,1061,0.2903,0.154,S3,6,61,telemetry
1000,716,1000,0.6719,0.1033,random,1000,1498,0.0323,0.0106,S3,7,498,telemetry
1000,274,1000,0.9862,0.04364,nsga2,1000,1053,0.4194,0.1453,S3,7,53,telemetry
1000,748,1000,0.5253,0.11843,random,1000,1535,0.0323,0.0106,S3,8,535,telemetry
1000,323,1000,0.9977,0.0039,nsga2,1000,1066,0.8065,0.1383,S3,8,66,telemetry
1000,744,1000,0.817,0.09058,random,1000,1475,0.0323,0.0104,S3,9,475,telemetry
1000,294,1000,0.1356,0.25966,nsga2,1000,1040,0.6774,0.1407,S3,9,40,telemetry
1000,724,1000,0.5421,0.10766,random,1000,1500,0.0323,0.0098,S3,10,500,telemetry
1000,285,1000,0.122,0.31147,nsga2,1000,1078,0.1935,0.1654,S3,10,78,telemetry
1000,749,1000,0.4983,0.17233,random,1000,1476,0.0323,0.0102,S3,11,476,telemetry
1000,375,1000,0.9051,0.01754,nsga2,1000,1059,0.5161,0.1594,S3,11,59,telemetry
1000,726,1000,0.7312,0.1407,random,1000,1527,0.0,0.0106,S3,12,527,telemetry
1000,275,1000,0.1363,0.25853,nsga2,1000,1036,0.7097,0.1472,S3,12,36,telemetry
1000,726,1000,0.6985,0.09236,random,1000,1469,0.0,0.0112,S3,13,469,telemetry
1000,269,1000,0.1363,0.25852,nsga2,1000,1044,0.7419,0.141,S3,13,44,telemetry
1000,706,1000,0.4564,0.13318,random,1000,1481,0.0645,0.0107,S3,14,481,telemetry
1000,283,1000,0.1244,0.29982,nsga2,1000,1031,0.2903,0.1551,S3,14,31,telemetry
1000,760,1000,0.9024,0.09159,random,1000,1494,0.0645,0.0103,S3,15,494,telemetry
1000,273,1000,0.9993,0.00015,nsga2,1000,1050,0.9032,0.1597,S3,15,50,telemetry
1000,734,1000,0.7881,0.12769,random,1000,1504,0.0,0.0114,S3,16,504,telemetry
1000,286,1000,0.9993,0.00015,nsga2,1000,1073,0.9032,0.1421,S3,16,73,telemetry
1000,743,1000,0.7332,0.13372,random,1000,1551,0.0323,0.0106,S3,17,551,telemetry
1000,267,1000,0.9874,0.04145,nsga2,1000,1053,0.4839,0.1395,S3,17,53,telemetry
1000,738,1000,0.6786,0.18606,random,1000,1464,0.0,0.011,S3,18,464,telemetry
1000,240,1000,0.9866,0.04383,nsga2,1000,1034,0.4194,0.1444,S3,18,34,telemetry
1000,729,1000,0.7474,0.16461,random,1000,1512,0.0,0.0102,S3,19,512,telemetry
1000,248,1000,0.1243,0.29988,nsga2,1000,1031,0.2903,0.141,S3,19,31,telemetry
34560,0,34560,1.0,0.0,exhaustive,34560,34560,1.0,0.2646,S3,,0,control
41,0,41,1.0,0.0,HCA-DSE,41,41,1.0,0.1249,S3,,0,control
100,80,100,0.6424,0.31153,random,100,136,0.0,0.0009,S3,0,36,control
100,76,100,0.0839,0.51545,nsga2,100,130,0.0,0.0086,S3,0,30,control
100,86,100,0.5074,0.44089,random,100,166,0.0,0.0009,S3,1,66,control
100,55,100,0.7102,0.17539,nsga2,100,149,0.0,0.0108,S3,1,49,control
100,78,100,0.7823,0.17504,random,100,159,0.037,0.0009,S3,2,59,control
100,72,100,0.0217,0.78182,nsga2,100,118,0.0,0.0076,S3,2,18,control
100,77,100,0.5042,0.29341,random,100,147,0.0,0.0009,S3,3,47,control
100,69,100,0.1151,0.43158,nsga2,100,145,0.0,0.0103,S3,3,45,control
100,75,100,0.3672,0.42548,random,100,149,0.0,0.0009,S3,4,49,control
100,70,100,0.5787,0.20553,nsga2,100,161,0.0,0.0111,S3,4,61,control
100,82,100,0.0631,0.58727,random,100,143,0.0,0.0008,S3,5,43,control
100,66,100,0.428,0.18011,nsga2,100,144,0.037,0.0093,S3,5,44,control
100,88,100,0.3401,0.37173,random,100,143,0.0,0.0008,S3,6,43,control
100,81,100,0.006,0.93825,nsga2,100,147,0.0,0.0086,S3,6,47,control
100,74,100,0.5564,0.30531,random,100,146,0.0,0.0009,S3,7,46,control
100,66,100,0.7251,0.1153,nsga2,100,142,0.0741,0.0099,S3,7,42,control
100,75,100,0.3643,0.25359,random,100,155,0.0,0.0009,S3,8,55,control
100,59,100,0.33,0.22386,nsga2,100,130,0.0,0.0084,S3,8,30,control
100,74,100,0.6826,0.3115,random,100,140,0.0,0.0009,S3,9,40,control
100,72,100,0.0573,0.62095,nsga2,100,148,0.0,0.0106,S3,9,48,control
100,82,100,0.1422,0.38301,random,100,136,0.0,0.0008,S3,10,36,control
100,74,100,0.0488,0.66991,nsga2,100,147,0.0,0.0096,S3,10,47,control
100,79,100,0.2839,0.46276,random,100,135,0.0,0.0009,S3,11,35,control
100,64,100,0.0914,0.53308,nsga2,100,140,0.0,0.0119,S3,11,40,control
100,77,100,0.4016,0.45505,random,100,147,0.0,0.0009,S3,12,47,control
100,73,100,0.5128,0.20456,nsga2,100,137,0.0,0.0102,S3,12,37,control
100,79,100,0.0902,0.5107,random,100,154,0.0,0.0009,S3,13,54,control
100,75,100,0.0858,0.49375,nsga2,100,123,0.0,0.0085,S3,13,23,control
100,76,100,0.1193,0.7127,random,100,155,0.0,0.001,S3,14,55,control
100,75,100,0.0695,0.56578,nsga2,100,123,0.0,0.008,S3,14,23,control
100,86,100,0.2406,0.46576,random,100,163,0.0,0.0009,S3,15,63,control
100,65,100,0.3269,0.28448,nsga2,100,140,0.0,0.01,S3,15,40,control
100,75,100,0.5994,0.37606,random,100,158,0.0,0.0009,S3,16,58,control
100,72,100,0.3952,0.38947,nsga2,100,137,0.0,0.0103,S3,16,37,control
100,78,100,0.1693,0.35623,random,100,151,0.0,0.0009,S3,17,51,control
100,61,100,0.3436,0.40359,nsga2,100,131,0.0,0.01,S3,17,31,control
100,83,100,0.3107,0.45221,random,100,146,0.0,0.0009,S3,18,46,control
100,69,100,0.1138,0.43424,nsga2,100,126,0.0,0.0093,S3,18,26,control
100,84,100,0.3653,0.50447,random,100,159,0.0,0.0009,S3,19,59,control
100,73,100,0.0415,0.71532,nsga2,100,128,0.0,0.0094,S3,19,28,control
250,203,250,0.6497,0.28177,random,250,366,0.0,0.0023,S3,0,116,control
250,115,250,0.1869,0.32707,nsga2,250,294,0.1852,0.0274,S3,0,44,control
250,204,250,0.5582,0.25842,random,250,387,0.0,0.0024,S3,1,137,control
250,84,250,0.8919,0.07121,nsga2,250,315,0.0741,0.0294,S3,1,65,control
250,208,250,0.8478,0.09898,random,250,385,0.037,0.0023,S3,2,135,control
250,100,250,0.131,0.42675,nsga2,250,278,0.0,0.0246,S3,2,28,control
250,204,250,0.5075,0.2804,random,250,372,0.0,0.0023,S3,3,122,control
250,105,250,0.7365,0.10302,nsga2,250,308,0.0,0.0262,S3,3,58,control
250,189,250,0.5608,0.31875,random,250,355,0.0,0.0024,S3,4,105,control
250,108,250,0.7958,0.0886,nsga2,250,329,0.037,0.0264,S3,4,79,control
250,199,250,0.2365,0.36793,random,250,360,0.0,0.0023,S3,5,110,control
250,96,250,0.896,0.01761,nsga2,250,312,0.2963,0.0294,S3,5,62,control
250,209,250,0.6861,0.11274,random,250,371,0.0,0.0032,S3,6,121,control
250,141,250,0.2073,0.42682,nsga2,250,304,0.0,0.0269,S3,6,54,control
250,188,250,0.5639,0.30491,random,250,356,0.0,0.0023,S3,7,106,control
250,107,250,0.9326,0.02241,nsga2,250,304,0.2593,0.0242,S3,7,54,control
250,197,250,0.4701,0.21311,random,250,395,0.0,0.0023,S3,8,145,control
250,86,250,0.7709,0.06329,nsga2,250,290,0.037,0.0249,S3,8,40,control
250,201,250,0.696,0.30911,random,250,369,0.0,0.0023,S3,9,119,control
250,122,250,0.1519,0.34931,nsga2,250,311,0.037,0.0278,S3,9,61,control
250,206,250,0.1494,0.3384,random,250,358,0.0,0.0021,S3,10,108,control
250,113,250,0.0881,0.51243,nsga2,250,307,0.0,0.0275,S3,10,57,control
250,196,250,0.366,0.27952,random,250,342,0.0,0.0022,S3,11,92,control
250,106,250,0.7569,0.07919,nsga2,250,297,0.1111,0.0269,S3,11,47,control
250,196,250,0.7156,0.1661,random,250,367,0.0,0.0023,S3,12,117,control
250,123,250,0.6865,0.14604,nsga2,250,295,0.1111,0.0259,S3,12,45,control
250,196,250,0.4365,0.30588,random,250,375,0.0,0.0025,S3,13,125,control
250,102,250,0.1791,0.31517,nsga2,250,294,0.2222,0.0263,S3,13,44,control
250,186,250,0.4376,0.19189,random,250,358,0.0,0.0025,S3,14,108,control
250,128,250,0.1597,0.34857,nsga2,250,277,0.0741,0.0228,S3,14,27,control
250,217,250,0.2568,0.45561,random,250,377,0.0,0.0022,S3,15,127,control
250,97,250,0.7357,0.11471,nsga2,250,309,0.037,0.0273,S3,15,59,control
250,200,250,0.6381,0.23574,random,250,395,0.0,0.0023,S3,16,145,control
250,111,250,0.5741,0.29022,nsga2,250,298,0.0,0.0315,S3,16,48,control
250,209,250,0.1982,0.32654,random,250,385,0.0,0.0022,S3,17,135,control
250,101,250,0.575,0.11584,nsga2,250,292,0.0,0.0241,S3,17,42,control
250,209,250,0.3465,0.4403,random,250,380,0.0,0.0022,S3,18,130,control
250,113,250,0.1607,0.35809,nsga2,250,278,0.0,0.0257,S3,18,28,control
250,210,250,0.5428,0.36984,random,250,384,0.0,0.0023,S3,19,134,control
250,112,250,0.1111,0.44486,nsga2,250,288,0.0,0.028,S3,19,38,control
500,409,500,0.7079,0.13852,random,500,732,0.0,0.0047,S3,0,232,control
500,141,500,0.8801,0.04558,nsga2,500,547,0.1852,0.0769,S3,0,47,control
500,399,500,0.5724,0.23409,random,500,784,0.0,0.0048,S3,1,284,control
500,131,500,0.9758,0.03038,nsga2,500,579,0.4444,0.0624,S3,1,79,control
500,407,500,0.8478,0.09898,random,500,748,0.037,0.0045,S3,2,248,control
500,113,500,0.1871,0.3262,nsga2,500,554,0.1852,0.0771,S3,2,54,control
500,410,500,0.5294,0.26296,random,500,745,0.0,0.0045,S3,3,245,control
500,159,500,0.8967,0.03988,nsga2,500,574,0.2593,0.0576,S3,3,74,control
500,381,500,0.6052,0.17734,random,500,723,0.0,0.0047,S3,4,223,control
500,164,500,0.9584,0.02761,nsga2,500,614,0.4815,0.056,S3,4,114,control
500,386,500,0.6016,0.18758,random,500,743,0.037,0.0046,S3,5,243,control
500,150,500,0.9989,0.00066,nsga2,500,569,0.8148,0.0702,S3,5,69,control
500,408,500,0.7195,0.07926,random,500,759,0.0,0.0046,S3,6,259,control
500,190,500,0.6223,0.19649,nsga2,500,562,0.0,0.0663,S3,6,62,control
500,387,500,0.6366,0.16055,random,500,747,0.0,0.0049,S3,7,247,control
500,165,500,0.9993,0.00276,nsga2,500,584,0.7037,0.0612,S3,7,84,control
500,400,500,0.4823,0.17787,random,500,780,0.0,0.0048,S3,8,280,control
500,136,500,0.9985,0.00172,nsga2,500,546,0.7037,0.0562,S3,8,46,control
500,412,500,0.7623,0.1769,random,500,746,0.0,0.0048,S3,9,246,control
500,176,500,0.1983,0.29711,nsga2,500,580,0.4815,0.0673,S3,9,80,control
500,409,500,0.4524,0.15735,random,500,754,0.0,0.0049,S3,10,254,control
500,167,500,0.1309,0.39997,nsga2,500,574,0.0,0.0763,S3,10,74,control
500,401,500,0.4733,0.22319,random,500,709,0.0,0.0046,S3,11,209,control
500,168,500,0.9521,0.01305,nsga2,500,559,0.5556,0.0635,S3,11,59,control
500,404,500,0.7163,0.16297,random,500,790,0.0,0.0048,S3,12,290,control
500,180,500,0.9402,0.03466,nsga2,500,553,0.3704,0.0589,S3,12,53,control
500,404,500,0.5208,0.17471,random,500,726,0.0,0.0046,S3,13,226,control
500,147,500,0.1979,0.29794,nsga2,500,546,0.5926,0.0616,S3,13,46,control
500,373,500,0.4438,0.18992,random,500,731,0.0,0.005,S3,14,231,control
500,180,500,0.1844,0.32312,nsga2,500,527,0.2963,0.0612,S3,14,27,control
500,421,500,0.6535,0.27432,random,500,770,0.0,0.0047,S3,15,270,control
500,164,500,0.9329,0.01892,nsga2,500,574,0.3333,0.0608,S3,15,74,control
500,409,500,0.7301,0.1284,random,500,764,0.0,0.0047,S3,16,264,control
500,177,500,0.8354,0.12097,nsga2,500,567,0.1481,0.0639,S3,16,67,control
500,404,500,0.5819,0.15778,random,500,767,0.0,0.0053,S3,17,267,control
500,154,500,0.9574,0.0119,nsga2,500,571,0.4444,0.0638,S3,17,71,control
500,400,500,0.6122,0.22676,random,500,758,0.0,0.005,S3,18,258,control
500,140,500,0.1871,0.32609,nsga2,500,529,0.1852,0.1168,S3,18,29,control
500,410,500,0.6959,0.2034,random,500,764,0.0,0.0047,S3,19,264,control
500,156,500,0.1888,0.32177,nsga2,500,543,0.2593,0.0693,S3,19,43,control
1000,806,1000,0.7805,0.12855,random,1000,1485,0.037,0.0099,S3,0,485,control
1000,213,1000,0.8801,0.04558,nsga2,1000,1057,0.1852,0.1981,S3,0,57,control
1000,815,1000,0.7558,0.17606,random,1000,1542,0.0,0.0099,S3,1,542,control
1000,246,1000,0.9906,0.02435,nsga2,1000,1098,0.5926,0.1388,S3,1,98,control
1000,833,1000,0.8631,0.07234,random,1000,1478,0.037,0.0091,S3,2,478,control
1000,153,1000,0.1871,0.32609,nsga2,1000,1053,0.1852,0.2452,S3,2,53,control
1000,811,1000,0.6688,0.10954,random,1000,1479,0.0,0.0098,S3,3,479,control
1000,295,1000,0.9985,0.00284,nsga2,1000,1085,0.7778,0.1734,S3,3,85,control
1000,781,1000,0.6132,0.16239,random,1000,1477,0.0,0.01,S3,4,477,control
1000,297,1000,1.0,3e-05,nsga2,1000,1152,0.9259,0.1319,S3,4,152,control
1000,783,1000,0.7675,0.09342,random,1000,1495,0.037,0.0101,S3,5,495,control
1000,293,1000,0.9991,0.00015,nsga2,1000,1075,0.9259,0.1444,S3,5,75,control
1000,818,1000,0.808,0.06464,random,1000,1510,0.0,0.009,S3,6,510,control
1000,280,1000,0.9891,0.02717,nsga2,1000,1065,0.4074,0.1823,S3,6,65,control
1000,793,1000,0.6962,0.08678,random,1000,1498,0.0,0.01,S3,7,498,control
1000,316,1000,0.9993,0.00271,nsga2,1000,1126,0.8148,0.1369,S3,7,126,control
1000,808,1000,0.5287,0.14091,random,1000,1535,0.037,0.0108,S3,8,535,control
1000,286,1000,0.9991,0.00015,nsga2,1000,1061,0.9259,0.1359,S3,8,61,control
1000,819,1000,0.8219,0.08671,random,1000,1475,0.0,0.0101,S3,9,475,control
1000,292,1000,0.1986,0.29646,nsga2,1000,1099,0.5185,0.1533,S3,9,99,control
1000,816,1000,0.5489,0.11893,random,1000,1500,0.0,0.0092,S3,10,500,control
1000,258,1000,0.1855,0.33127,nsga2,1000,1136,0.2222,0.1843,S3,10,136,control
1000,803,1000,0.4976,0.19241,random,1000,1476,0.037,0.0095,S3,11,476,control
1000,326,1000,0.962,0.0054,nsga2,1000,1059,0.7407,0.14,S3,11,59,control
1000,807,1000,0.7311,0.13718,random,1000,1527,0.0,0.0098,S3,12,527,control
1000,298,1000,0.9993,0.00271,nsga2,1000,1076,0.8148,0.1316,S3,12,76,control
1000,813,1000,0.6935,0.10566,random,1000,1469,0.0,0.0096,S3,13,469,control
1000,255,1000,0.1986,0.29638,nsga2,1000,1046,0.7037,0.138,S3,13,46,control
1000,763,1000,0.4715,0.1489,random,1000,1481,0.037,0.0099,S3,14,481,control
1000,269,1000,0.1892,0.32071,nsga2,1000,1027,0.3333,0.1466,S3,14,27,control
1000,827,1000,0.9051,0.0708,random,1000,1494,0.0741,0.0094,S3,15,494,control
1000,311,1000,0.9997,0.00053,nsga2,1000,1123,0.8519,0.1402,S3,15,123,control
1000,802,1000,0.7837,0.11484,random,1000,1504,0.0,0.0096,S3,16,504,control
1000,343,1000,0.9779,0.02291,nsga2,1000,1076,0.5926,0.147,S3,16,76,control
1000,807,1000,0.7359,0.11887,random,1000,1551,0.037,0.0098,S3,17,551,control
1000,277,1000,0.9994,0.00137,nsga2,1000,1095,0.8519,0.147,S3,17,95,control
1000,802,1000,0.6532,0.20574,random,1000,1464,0.0,0.0098,S3,18,464,control
1000,200,1000,0.1871,0.32609,nsga2,1000,1030,0.1852,0.306,S3,18,30,control
1000,816,1000,0.718,0.18386,random,1000,1512,0.0,0.0094,S3,19,512,control
1000,250,1000,0.1889,0.32136,nsga2,1000,1043,0.2963,0.1576,S3,19,43,control
34560,0,34560,1.0,0.0,exhaustive,34560,34560,1.0,0.2661,S3,,0,sensing
43,0,43,1.0,0.0,HCA-DSE,43,43,1.0,0.085,S3,,0,sensing
100,65,100,0.0357,0.5996,random,100,136,0.0,0.0009,S3,0,36,sensing
100,53,100,0.1035,0.37567,nsga2,100,149,0.0,0.0114,S3,0,49,sensing
100,72,100,0.1357,0.70905,random,100,166,0.0,0.001,S3,1,66,sensing
100,62,100,0.4649,0.36199,nsga2,100,136,0.0,0.0102,S3,1,36,sensing
100,76,100,0.0347,0.72921,random,100,159,0.0,0.001,S3,2,59,sensing
100,62,100,0.0286,0.47695,nsga2,100,134,0.0,0.0114,S3,2,34,sensing
100,77,100,0.4618,0.18149,random,100,147,0.0,0.0009,S3,3,47,sensing
100,69,100,0.0101,0.73669,nsga2,100,134,0.0,0.0093,S3,3,34,sensing
100,74,100,0.6577,0.1816,random,100,149,0.0,0.0009,S3,4,49,sensing
100,64,100,0.0,1.30934,nsga2,100,137,0.0,0.01,S3,4,37,sensing
100,75,100,0.0453,0.49057,random,100,143,0.0,0.0009,S3,5,43,sensing
100,52,100,0.0031,0.99518,nsga2,100,141,0.0,0.0086,S3,5,41,sensing
100,81,100,0.6088,0.2766,random,100,143,0.0,0.0008,S3,6,43,sensing
100,73,100,0.2402,0.64085,nsga2,100,136,0.0,0.0098,S3,6,36,sensing
100,75,100,0.0105,0.82632,random,100,146,0.0,0.0009,S3,7,46,sensing
100,59,100,0.1004,0.41903,nsga2,100,154,0.0,0.01,S3,7,54,sensing
100,77,100,0.2257,0.61932,random,100,155,0.0,0.0009,S3,8,55,sensing
100,50,100,0.0185,0.68106,nsga2,100,126,0.0,0.01,S3,8,26,sensing
100,74,100,0.0297,0.50896,random,100,140,0.0,0.001,S3,9,40,sensing
100,66,100,0.0311,0.4694,nsga2,100,127,0.0,0.0098,S3,9,27,sensing
100,84,100,0.0534,0.56506,random,100,136,0.0,0.0009,S3,10,36,sensing
100,64,100,0.007,0.92949,nsga2,100,142,0.0,0.0114,S3,10,42,sensing
100,72,100,0.0473,0.48727,random,100,135,0.0,0.0009,S3,11,35,sensing
100,51,100,0.0666,0.31425,nsga2,100,127,0.0741,0.0112,S3,11,27,sensing
100,78,100,0.2209,0.44879,random,100,147,0.0,0.001,S3,12,47,sensing
100,65,100,0.0336,0.6981,nsga2,100,126,0.0,0.0097,S3,12,26,sensing
100,78,100,0.0263,0.5523,random,100,154,0.0,0.0009,S3,13,54,sensing
100,60,100,0.064,0.43483,nsga2,100,126,0.0,0.01,S3,13,26,sensing
100,72,100,0.0183,0.64583,random,100,155,0.0,0.001,S3,14,55,sensing
100,60,100,0.004,0.67261,nsga2,100,129,0.0,0.0087,S3,14,29,sensing
100,77,100,0.02,0.61231,random,100,163,0.0,0.0009,S3,15,63,sensing
100,64,100,0.0,0.97884,nsga2,100,132,0.0,0.0098,S3,15,32,sensing
100,79,100,0.0242,0.4895,random,100,158,0.0,0.0009,S3,16,58,sensing
100,67,100,0.0448,0.60938,nsga2,100,144,0.0,0.0108,S3,16,44,sensing
100,84,100,0.0444,0.58551,random,100,151,0.0,0.0009,S3,17,51,sensing
100,38,100,0.0,1.19775,nsga2,100,128,0.0,0.0109,S3,17,28,sensing
100,76,100,0.0153,0.64337,random,100,146,0.0,0.001,S3,18,46,sensing
100,73,100,0.0224,0.72158,nsga2,100,148,0.0,0.012,S3,18,48,sensing
100,80,100,0.0739,0.74356,random,100,159,0.0,0.0009,S3,19,59,sensing
100,57,100,0.0533,0.78259,nsga2,100,133,0.0,0.009,S3,19,33,sensing
250,175,250,0.0981,0.50052,random,250,366,0.0,0.0024,S3,0,116,sensing
250,95,250,0.6597,0.08397,nsga2,250,313,0.1481,0.0259,S3,0,63,sensing
250,185,250,0.3843,0.35343,random,250,387,0.0,0.0026,S3,1,137,sensing
250,113,250,0.6122,0.14432,nsga2,250,321,0.037,0.0269,S3,1,71,sensing
250,194,250,0.3775,0.33087,random,250,385,0.0,0.0023,S3,2,135,sensing
250,92,250,0.0781,0.30076,nsga2,250,285,0.1852,0.0283,S3,2,35,sensing
250,185,250,0.4618,0.18149,random,250,372,0.0,0.0023,S3,3,122,sensing
250,107,250,0.0614,0.32094,nsga2,250,296,0.037,0.0269,S3,3,46,sensing
250,179,250,0.7347,0.1652,random,250,355,0.0,0.0023,S3,4,105,sensing
250,99,250,0.5929,0.26065,nsga2,250,303,0.0,0.0286,S3,4,53,sensing
250,175,250,0.3418,0.18486,random,250,360,0.0,0.0026,S3,5,110,sensing
250,74,250,0.3995,0.4232,nsga2,250,297,0.0,0.0295,S3,5,47,sensing
250,193,250,0.6088,0.2766,random,250,371,0.0,0.0023,S3,6,121,sensing
250,98,250,0.1663,0.37268,nsga2,250,296,0.0,0.0258,S3,6,46,sensing
250,191,250,0.0379,0.66332,random,250,356,0.0,0.0023,S3,7,106,sensing
250,111,250,0.4297,0.22482,nsga2,250,310,0.0,0.0248,S3,7,60,sensing
250,200,250,0.6842,0.25781,random,250,395,0.0,0.0022,S3,8,145,sensing
250,75,250,0.0452,0.41377,nsga2,250,277,0.037,0.027,S3,8,27,sensing
250,187,250,0.2892,0.31932,random,250,369,0.0,0.0025,S3,9,119,sensing
250,116,250,0.0795,0.34412,nsga2,250,279,0.0,0.039,S3,9,29,sensing
250,198,250,0.0591,0.4007,random,250,358,0.0,0.0022,S3,10,108,sensing
250,113,250,0.3708,0.40233,nsga2,250,309,0.0,0.0258,S3,10,59,sensing
250,183,250,0.2282,0.34875,random,250,342,0.0,0.0022,S3,11,92,sensing
250,92,250,0.0899,0.27482,nsga2,250,278,0.3333,0.027,S3,11,28,sensing
250,189,250,0.2858,0.34576,random,250,367,0.0,0.0025,S3,12,117,sensing
250,125,250,0.1625,0.28392,nsga2,250,290,0.037,0.0248,S3,12,40,sensing
250,189,250,0.5153,0.2552,random,250,375,0.0,0.0024,S3,13,125,sensing
250,109,250,0.0863,0.30506,nsga2,250,273,0.0741,0.0244,S3,13,23,sensing
250,182,250,0.1314,0.24818,random,250,358,0.037,0.0026,S3,14,108,sensing
250,88,250,0.0152,0.56878,nsga2,250,279,0.0,0.0237,S3,14,29,sensing
250,190,250,0.391,0.31495,random,250,377,0.0,0.0023,S3,15,127,sensing
250,113,250,0.0434,0.57662,nsga2,250,295,0.0,0.028,S3,15,45,sensing
250,195,250,0.3326,0.23901,random,250,395,0.0,0.0024,S3,16,145,sensing
250,97,250,0.0267,0.66541,nsga2,250,293,0.0,0.03,S3,16,43,sensing
250,201,250,0.0444,0.54994,random,250,385,0.0,0.0022,S3,17,135,sensing
250,59,250,0.0155,0.79471,nsga2,250,278,0.0,0.0249,S3,17,28,sensing
250,193,250,0.0153,0.64337,random,250,380,0.0,0.0024,S3,18,130,sensing
250,102,250,0.7129,0.08315,nsga2,250,303,0.1481,0.03,S3,18,53,sensing
250,198,250,0.0827,0.49119,random,250,384,0.0,0.0026,S3,19,134,sensing
250,76,250,0.3986,0.38667,nsga2,250,290,0.037,0.0269,S3,19,40,sensing
500,370,500,0.2464,0.36076,random,500,732,0.0,0.0048,S3,0,232,sensing
500,153,500,0.993,0.00306,nsga2,500,585,0.7407,0.0634,S3,0,85,sensing
500,380,500,0.3843,0.35343,random,500,784,0.0,0.0051,S3,1,284,sensing
500,194,500,0.7878,0.06316,nsga2,500,606,0.1481,0.0648,S3,1,106,sensing
500,387,500,0.4923,0.21242,random,500,748,0.0,0.0049,S3,2,248,sensing
500,123,500,0.0992,0.26039,nsga2,500,545,0.7407,0.0679,S3,2,45,sensing
500,378,500,0.5767,0.14764,random,500,745,0.0,0.0046,S3,3,245,sensing
500,181,500,0.8619,0.03544,nsga2,500,570,0.3333,0.0657,S3,3,70,sensing
500,362,500,0.7347,0.1652,random,500,723,0.0,0.0045,S3,4,223,sensing
500,164,500,0.8188,0.19422,nsga2,500,560,0.0741,0.0616,S3,4,60,sensing
500,366,500,0.8145,0.07847,random,500,743,0.037,0.0049,S3,5,243,sensing
500,143,500,0.7112,0.25914,nsga2,500,550,0.0,0.0683,S3,5,50,sensing
500,376,500,0.6671,0.22662,random,500,759,0.0,0.0049,S3,6,259,sensing
500,157,500,0.7362,0.07664,nsga2,500,553,0.0,0.0672,S3,6,53,sensing
500,384,500,0.2311,0.28792,random,500,747,0.0,0.0049,S3,7,247,sensing
500,176,500,0.715,0.10862,nsga2,500,564,0.2222,0.0622,S3,7,64,sensing
500,385,500,0.6926,0.12854,random,500,780,0.0,0.0046,S3,8,280,sensing
500,137,500,0.0976,0.26776,nsga2,500,537,0.4074,0.0684,S3,8,37,sensing
500,388,500,0.6255,0.20985,random,500,746,0.0,0.0048,S3,9,246,sensing
500,193,500,0.0945,0.27413,nsga2,500,532,0.2222,0.0574,S3,9,32,sensing
500,393,500,0.0696,0.3858,random,500,754,0.0,0.0048,S3,10,254,sensing
500,178,500,0.9321,0.18344,nsga2,500,597,0.1852,0.0622,S3,10,97,sensing
500,376,500,0.4839,0.27013,random,500,709,0.0,0.0046,S3,11,209,sensing
500,172,500,0.0992,0.26052,nsga2,500,529,0.7037,0.0716,S3,11,29,sensing
500,380,500,0.3877,0.2587,random,500,790,0.0,0.0049,S3,12,290,sensing
500,182,500,0.7143,0.07317,nsga2,500,549,0.1852,0.0578,S3,12,49,sensing
500,385,500,0.5315,0.19663,random,500,726,0.0,0.0047,S3,13,226,sensing
500,179,500,0.0909,0.26869,nsga2,500,529,0.4815,0.0589,S3,13,29,sensing
500,369,500,0.3956,0.14366,random,500,731,0.0741,0.0051,S3,14,231,sensing
500,142,500,0.0891,0.28918,nsga2,500,530,0.2593,0.0574,S3,14,30,sensing
500,383,500,0.6614,0.2057,random,500,770,0.0,0.0047,S3,15,270,sensing
500,187,500,0.0669,0.36215,nsga2,500,552,0.0,0.0585,S3,15,52,sensing
500,392,500,0.3421,0.23466,random,500,764,0.0,0.0048,S3,16,264,sensing
500,130,500,0.0735,0.30614,nsga2,500,543,0.1852,0.0725,S3,16,43,sensing
500,395,500,0.3653,0.33293,random,500,767,0.0,0.0047,S3,17,267,sensing
500,75,500,0.029,0.73901,nsga2,500,528,0.0,0.0619,S3,17,28,sensing
500,376,500,0.1635,0.43598,random,500,758,0.0,0.0051,S3,18,258,sensing
500,158,500,0.8326,0.04014,nsga2,500,565,0.3333,0.0712,S3,18,65,sensing
500,386,500,0.409,0.27895,random,500,764,0.0,0.0053,S3,19,264,sensing
500,119,500,0.9687,0.17757,nsga2,500,560,0.1481,0.0757,S3,19,60,sensing
1000,746,1000,0.657,0.17861,random,1000,1485,0.0,0.0109,S3,0,485,sensing
1000,314,1000,0.993,0.00144,nsga2,1000,1125,0.9259,0.1491,S3,0,125,sensing
1000,776,1000,0.4243,0.18187,random,1000,1542,0.037,0.0109,S3,1,542,sensing
1000,357,1000,0.9955,0.00169,nsga2,1000,1169,0.8519,0.1617,S3,1,169,sensing
1000,774,1000,0.5304,0.16442,random,1000,1478,0.0,0.0097,S3,2,478,sensing
1000,198,1000,0.8727,0.01798,nsga2,1000,1047,0.7407,0.1663,S3,2,47,sensing
1000,761,1000,0.6912,0.11162,random,1000,1479,0.0,0.0093,S3,3,479,sensing
1000,354,1000,0.9989,0.00076,nsga2,1000,1097,0.9259,0.1772,S3,3,97,sensing
1000,726,1000,0.7684,0.08132,random,1000,1477,0.0,0.0094,S3,4,477,sensing
1000,308,1000,0.9788,0.16764,nsga2,1000,1174,0.2222,0.1605,S3,4,174,sensing
1000,760,1000,0.843,0.07505,random,1000,1495,0.037,0.0099,S3,5,495,sensing
1000,417,1000,0.9224,0.22161,nsga2,1000,1055,0.1481,0.1926,S3,5,55,sensing
1000,755,1000,0.6745,0.11817,random,1000,1510,0.037,0.0098,S3,6,510,sensing
1000,338,1000,0.9988,0.00126,nsga2,1000,1082,0.8889,0.1611,S3,6,82,sensing
1000,777,1000,0.3943,0.17423,random,1000,1498,0.0,0.0099,S3,7,498,sensing
1000,353,1000,0.9987,0.00171,nsga2,1000,1099,0.8519,0.1419,S3,7,99,sensing
1000,760,1000,0.6986,0.11249,random,1000,1535,0.0,0.0096,S3,8,535,sensing
1000,220,1000,0.0992,0.26039,nsga2,1000,1043,0.7407,0.1845,S3,8,43,sensing
1000,774,1000,0.6591,0.19775,random,1000,1475,0.0,0.0099,S3,9,475,sensing
1000,277,1000,0.0992,0.26039,nsga2,1000,1035,0.7407,0.1588,S3,9,35,sensing
1000,773,1000,0.5555,0.14939,random,1000,1500,0.0,0.0098,S3,10,500,sensing
1000,301,1000,0.9794,0.1653,nsga2,1000,1185,0.2963,0.1776,S3,10,185,sensing
1000,760,1000,0.4955,0.14342,random,1000,1476,0.037,0.0097,S3,11,476,sensing
1000,346,1000,0.0992,0.26039,nsga2,1000,1029,0.7407,0.1574,S3,11,29,sensing
1000,766,1000,0.4724,0.24075,random,1000,1527,0.0,0.0101,S3,12,527,sensing
1000,329,1000,0.9982,0.00197,nsga2,1000,1073,0.8148,0.1734,S3,12,73,sensing
1000,776,1000,0.726,0.07706,random,1000,1469,0.037,0.0106,S3,13,469,sensing
1000,263,1000,0.0992,0.26039,nsga2,1000,1033,0.7407,0.1832,S3,13,33,sensing
1000,743,1000,0.412,0.13999,random,1000,1481,0.0741,0.0099,S3,14,481,sensing
1000,238,1000,0.0992,0.26039,nsga2,1000,1032,0.7407,0.1978,S3,14,32,sensing
1000,772,1000,0.719,0.19133,random,1000,1494,0.0,0.0097,S3,15,494,sensing
1000,364,1000,0.0808,0.35365,nsga2,1000,1081,0.0,0.1497,S3,15,81,sensing
1000,780,1000,0.7974,0.10612,random,1000,1504,0.0,0.0106,S3,16,504,sensing
1000,268,1000,0.0973,0.2649,nsga2,1000,1043,0.5926,0.2229,S3,16,43,sensing
1000,767,1000,0.7022,0.24565,random,1000,1551,0.0741,0.0106,S3,17,551,sensing
1000,139,1000,0.034,0.73661,nsga2,1000,1032,0.0,0.2315,S3,17,32,sensing
1000,761,1000,0.4979,0.27701,random,1000,1464,0.0,0.0112,S3,18,464,sensing
1000,312,1000,0.9989,0.00076,nsga2,1000,1104,0.9259,0.191,S3,18,104,sensing
1000,782,1000,0.5433,0.20773,random,1000,1512,0.0,0.0114,S3,19,512,sensing
1000,272,1000,0.9789,0.16781,nsga2,1000,1204,0.2222,0.2857,S3,19,204,sensing
